ProfileID,ploidy,arms_callable,aneuploidy_score
PR-04VvBz,2.0,39,0
PR-09S1KU,3.0,39,17
PR-0DEQ8n,2.0,39,7
PR-0EypNA,3.0,41,20
PR-0H05VY,2.0,41,1
PR-0HbjBS,2.0,39,0
PR-0P77hD,4.0,39,15
PR-0SNESh,3.0,39,16
PR-0XQ6oe,3.0,39,18
PR-0XuLau,3.0,39,18
PR-0c2Lny,2.0,39,16
PR-0fBntb,2.0,39,9
PR-0g14RE,3.0,39,20
PR-0kBhJF,2.0,42,1
PR-0l1GM0,2.0,39,5
PR-0lYTUJ,3.0,42,22
PR-0ndQ3C,2.0,39,9
PR-0o6ywu,2.0,39,15
PR-0p3nvU,2.0,39,14
PR-0qGhSp,2.0,39,11
PR-0qqA8m,3.0,42,23
PR-0sYHco,3.0,41,25
PR-0tdcT8,3.0,39,16
PR-0wkCvS,2.0,41,31
PR-0yCTLT,4.0,39,18
PR-10vZ6j,3.0,39,17
PR-11IVol,4.0,39,24
PR-11LrS9,3.0,39,18
PR-11OFEY,2.0,39,17
PR-11UHTI,4.0,41,32
PR-12SQGk,4.0,39,19
PR-132fPs,3.0,39,22
PR-14sBTC,4.0,39,12
PR-191Fbv,2.0,39,13
PR-1930g1,3.0,39,26
PR-1B5abd,3.0,39,16
PR-1CYINn,3.0,41,16
PR-1DMQEW,4.0,42,28
PR-1ExPUw,3.0,39,19
PR-1I95pE,2.0,39,14
PR-1Ju43a,2.0,41,14
PR-1KE6K3,3.0,41,23
PR-1KtKNh,2.0,39,2
PR-1NGHoM,4.0,39,23
PR-1P0pL3,2.0,39,6
PR-1ROJWL,3.0,39,23
PR-1Uo7R0,2.0,39,9
PR-1Zkz62,1.0,41,21
PR-1ah9FQ,3.0,41,26
PR-1dX3q2,3.0,39,23
PR-1fyy3l,2.0,39,0
PR-1ip1tY,3.0,39,18
PR-1jLfJo,4.0,39,27
PR-1kfdq0,4.0,39,27
PR-1mxODI,2.0,39,6
PR-1p5gBP,2.0,39,0
PR-1q68oG,3.0,39,18
PR-1sOqpV,3.0,39,21
PR-1tFrLv,2.0,39,3
PR-1xuv37,4.0,39,19
PR-1yNVXd,5.0,39,24
PR-1ysvRM,3.0,39,13
PR-1z1P4o,2.0,39,2
PR-2056gD,3.0,39,26
PR-20INxP,3.0,39,17
PR-20Kvag,2.0,39,17
PR-21pydG,2.0,39,0
PR-22NLFP,2.0,39,12
PR-240v4w,2.0,41,1
PR-24B4W0,3.0,42,25
PR-27KADa,4.0,39,28
PR-28WsnQ,3.0,42,25
PR-2AxAKM,3.0,41,30
PR-2BGNxT,2.0,39,0
PR-2BUowi,2.0,39,1
PR-2CHHvY,3.0,39,25
PR-2IQBFl,2.0,39,22
PR-2JWZFn,2.0,39,4
PR-2KTJS4,4.0,42,25
PR-2LIEYd,3.0,39,22
PR-2Rohed,2.0,39,2
PR-2TYUx5,4.0,39,21
PR-2UB6KF,2.0,41,10
PR-2VgKnC,3.0,39,17
PR-2WHKnj,3.0,39,21
PR-2ae0kb,2.0,41,14
PR-2bdZSY,3.0,39,24
PR-2eSD2x,2.0,39,20
PR-2f2JlB,2.0,41,1
PR-2guO1R,2.0,41,12
PR-2kNraO,3.0,39,21
PR-2kNtFF,2.0,42,15
PR-2oO4yn,3.0,39,18
PR-2tdb7F,2.0,39,3
PR-2tnlh5,2.0,41,2
PR-2uDYZY,4.0,41,21
PR-2vKf8J,2.0,39,12
PR-2zNA9s,2.0,39,2
PR-2zjQBJ,4.0,39,25
PR-30iCKx,2.0,39,1
PR-31jRAf,2.0,39,0
PR-34luyw,3.0,41,26
PR-35nh9T,2.0,39,4
PR-37acac,5.0,41,29
PR-39ipKV,4.0,39,15
PR-39zHGy,3.0,39,22
PR-3BkIqE,2.0,39,9
PR-3DdR8v,2.0,41,19
PR-3HObZr,2.0,41,9
PR-3HQUeC,3.0,39,20
PR-3Id9kv,3.0,39,22
PR-3L6oOj,2.0,39,11
PR-3MGaLM,4.0,39,19
PR-3MR99B,2.0,39,6
PR-3PJVFB,2.0,41,6
PR-3Qh8qx,2.0,39,0
PR-3WQTHC,3.0,39,23
PR-3XrJcO,3.0,39,19
PR-3aWe62,5.0,39,26
PR-3b1cgr,3.0,39,18
PR-3cEXAx,4.0,42,21
PR-3cet5z,4.0,39,23
PR-3f91xT,2.0,39,14
PR-3fpunT,2.0,41,2
PR-3hCsGH,3.0,41,26
PR-3hoqtV,2.0,39,2
PR-3jQsYT,4.0,39,8
PR-3jm0km,2.0,39,13
PR-3lN258,3.0,39,22
PR-3lR3Kt,3.0,39,21
PR-3lYZxw,2.0,39,2
PR-3m6kCG,4.0,39,19
PR-3oiVuO,2.0,39,6
PR-3qs75a,2.0,39,10
PR-3rmupJ,3.0,39,20
PR-3sPq2a,3.0,39,14
PR-3tYmYv,4.0,39,16
PR-3vjLBF,2.0,39,0
PR-3vwKej,4.0,39,19
PR-3x4RI2,3.0,39,18
PR-3yGRCN,2.0,39,19
PR-3yujxl,2.0,39,4
PR-3zSvim,4.0,39,22
PR-41uIUA,2.0,39,8
PR-43Hong,3.0,41,26
PR-44QNXx,2.0,39,0
PR-44uEAY,2.0,39,5
PR-44ugos,4.0,39,26
PR-452U9P,4.0,39,22
PR-45qihg,3.0,41,27
PR-48lLTm,4.0,39,20
PR-4EPjPy,4.0,39,26
PR-4FG12g,3.0,41,17
PR-4Guo7R,3.0,42,24
PR-4IHwlo,4.0,39,13
PR-4LOGQx,2.0,39,6
PR-4MPxCs,4.0,39,19
PR-4U6ZhH,3.0,42,28
PR-4VyVNa,2.0,41,6
PR-4WLHmA,2.0,39,11
PR-4ZNNdI,2.0,39,8
PR-4a3lMb,2.0,39,2
PR-4a5BUE,2.0,39,3
PR-4bX4fN,4.0,39,19
PR-4ceSCX,3.0,39,19
PR-4epcq5,4.0,39,24
PR-4fe2A7,4.0,39,16
PR-4gQ8AD,4.0,39,24
PR-4jA3sP,2.0,41,0
PR-4kmLyj,4.0,42,25
PR-4l7y7C,2.0,39,4
PR-4mcoFq,2.0,39,2
PR-4ngqZx,2.0,39,7
PR-4oRDiG,2.0,39,18
PR-4ojy7t,2.0,39,20
PR-4uNl0E,2.0,39,6
PR-4vbVP3,3.0,39,17
PR-4wqcKJ,3.0,39,15
PR-4ysADv,2.0,39,3
PR-53yu7G,3.0,42,16
PR-562g0G,4.0,39,24
PR-57besX,3.0,41,25
PR-5Aegb2,4.0,39,15
PR-5EAjfk,4.0,41,27
PR-5F2d61,3.0,39,26
PR-5FunEE,3.0,39,20
PR-5IWcSG,2.0,39,13
PR-5KV6hR,3.0,39,21
PR-5MNsLN,2.0,41,0
PR-5McWUB,4.0,41,26
PR-5NFOUr,3.0,42,22
PR-5W465g,3.0,39,19
PR-5WO99r,3.0,39,20
PR-5XrVhV,3.0,39,30
PR-5bw8Sw,2.0,41,1
PR-5cxr4t,2.0,39,2
PR-5ecI84,4.0,39,20
PR-5eybX8,3.0,39,26
PR-5gX5yv,4.0,41,29
PR-5n4TMD,2.0,39,9
PR-5pZ3Pe,3.0,39,15
PR-5qJXb3,3.0,39,23
PR-5rHKiV,3.0,39,25
PR-5rISRc,2.0,39,8
PR-5uQTam,4.0,39,20
PR-5uZoTw,3.0,41,25
PR-5vQHpI,2.0,39,4
PR-5wB7kT,4.0,39,16
PR-5wPoDH,2.0,39,13
PR-5zwe6L,2.0,39,1
PR-60G1Cd,2.0,39,17
PR-60ceNo,2.0,41,5
PR-6134Do,2.0,39,20
PR-61BIlx,3.0,39,24
PR-64cwWG,5.0,39,29
PR-65TGCU,2.0,39,17
PR-65U3FP,2.0,39,11
PR-66Xefu,2.0,39,6
PR-67RLdg,3.0,39,25
PR-68VQ73,3.0,39,28
PR-68uoMh,2.0,39,1
PR-69D7JH,2.0,39,14
PR-6Aoyjm,4.0,39,24
PR-6AvZgM,3.0,39,23
PR-6Bch6P,3.0,41,15
PR-6BgR9L,2.0,41,4
PR-6DGBcP,3.0,39,24
PR-6MC061,3.0,39,19
PR-6MK3Tx,4.0,41,31
PR-6MbQjV,3.0,39,20
PR-6OLvAx,3.0,39,25
PR-6SYPcz,3.0,41,15
PR-6Sb7kf,4.0,41,17
PR-6SyWYo,3.0,39,28
PR-6U5hLz,3.0,41,18
PR-6YTkOv,2.0,39,0
PR-6Ybf3z,2.0,39,0
PR-6aWr47,2.0,39,0
PR-6cQSp2,3.0,39,25
PR-6cgjNw,2.0,39,15
PR-6d53X9,3.0,42,14
PR-6hbj0G,2.0,39,1
PR-6jk4iH,3.0,39,27
PR-6jnXO1,2.0,39,3
PR-6ldUF4,4.0,39,21
PR-6nqWFb,4.0,39,15
PR-6pJTKH,2.0,40,4
PR-6qUWnX,3.0,39,21
PR-6vyxQa,4.0,39,23
PR-6xbU8h,2.0,39,0
PR-6yM2mu,3.0,39,26
PR-6yfakc,4.0,41,34
PR-70d3re,3.0,39,20
PR-711hbz,2.0,41,8
PR-727ZKc,3.0,39,21
PR-72Va7n,2.0,41,2
PR-72XNeT,4.0,39,25
PR-72oXyh,4.0,39,15
PR-73LP4X,3.0,39,19
PR-74xMiY,3.0,39,19
PR-75rvpO,3.0,42,22
PR-76S5tV,2.0,39,4
PR-76UU6d,3.0,39,30
PR-77Wvzz,3.0,39,15
PR-79Mqqq,3.0,41,21
PR-7Alqku,2.0,39,8
PR-7AvMJR,4.0,39,20
PR-7B1C9M,2.0,39,10
PR-7B4jAS,3.0,39,16
PR-7BCUXr,3.0,39,14
PR-7CTAVs,2.0,41,1
PR-7D6zg7,2.0,39,2
PR-7GcxlA,2.0,39,0
PR-7GzVTI,3.0,39,23
PR-7HbzQc,2.0,39,5
PR-7KmF9j,3.0,39,22
PR-7LaE1z,2.0,39,18
PR-7LkeqG,3.0,41,24
PR-7M6hyK,4.0,41,28
PR-7QUNbJ,3.0,39,22
PR-7UuGkQ,4.0,39,18
PR-7W600z,3.0,39,20
PR-7aZuj8,2.0,41,5
PR-7bETuY,2.0,39,7
PR-7bX1tr,2.0,42,17
PR-7c8jb1,2.0,39,5
PR-7dTCvD,3.0,39,20
PR-7eCkVg,2.0,39,10
PR-7gNYAa,4.0,39,24
PR-7hHZ69,4.0,39,22
PR-7mGBFZ,2.0,39,13
PR-7mhpAP,4.0,41,32
PR-7mxijk,2.0,39,0
PR-7n7fXy,2.0,39,4
PR-7nlItI,3.0,42,24
PR-7tGhYX,2.0,39,10
PR-7w8eU0,2.0,39,8
PR-7wM9aM,2.0,39,10
PR-7wTlSr,2.0,42,17
PR-7wfZWS,4.0,41,33
PR-7wqNkp,2.0,39,7
PR-7zn9JP,3.0,39,25
PR-81IKHg,2.0,39,4
PR-81oclJ,2.0,39,1
PR-83lP8j,3.0,39,22
PR-84shel,2.0,41,8
PR-86Rnag,2.0,39,0
PR-882Px5,4.0,39,21
PR-88E7Xf,3.0,39,20
PR-89HlYy,2.0,39,14
PR-8A8VfP,4.0,39,13
PR-8Br5s3,2.0,39,4
PR-8D5wB9,3.0,39,22
PR-8E5B6f,3.0,39,19
PR-8EE2ka,2.0,39,0
PR-8EgLQ4,2.0,39,7
PR-8Etq5F,4.0,39,22
PR-8HSgmJ,2.0,42,5
PR-8IF7lx,4.0,39,25
PR-8IdR56,3.0,41,29
PR-8LENPA,4.0,39,5
PR-8NUsiw,3.0,39,11
PR-8PpFpX,3.0,39,16
PR-8QwR97,2.0,39,11
PR-8Rs4MB,2.0,39,8
PR-8VeXZS,4.0,41,22
PR-8XsYih,2.0,39,0
PR-8Yu9YJ,2.0,39,18
PR-8Yvnsj,3.0,41,26
PR-8Z4m6i,2.0,39,5
PR-8ZLqoR,4.0,39,27
PR-8f5n0f,3.0,39,16
PR-8hUBH6,4.0,41,26
PR-8i6FDf,3.0,39,19
PR-8kT9dj,4.0,39,20
PR-8nhMR6,3.0,39,26
PR-8oZYyH,2.0,39,6
PR-8pIIv9,2.0,39,2
PR-8q87By,2.0,39,10
PR-8sK5Pe,2.0,39,10
PR-8smNop,4.0,39,17
PR-8th2sV,2.0,39,6
PR-8u9sgK,3.0,39,15
PR-8vXkr9,2.0,39,2
PR-8xr84R,2.0,39,0
PR-93Kjvg,2.0,39,5
PR-97H3Ob,2.0,39,4
PR-97JLE2,4.0,39,15
PR-97KrpJ,3.0,41,21
PR-98Ohij,3.0,41,31
PR-98T820,3.0,39,24
PR-99siqG,3.0,39,17
PR-99vCNe,3.0,39,14
PR-9ByeKo,2.0,39,6
PR-9K1Gzv,3.0,41,22
PR-9Ka5mY,2.0,39,18
PR-9KlLER,2.0,41,4
PR-9LHdqw,3.0,39,22
PR-9LhdJw,2.0,39,17
PR-9NqR7V,3.0,39,19
PR-9Oujd0,3.0,41,28
PR-9PwT0i,2.0,39,8
PR-9UlYsF,2.0,39,3
PR-9V0s4B,4.0,39,7
PR-9bOqrN,2.0,39,15
PR-9dU2Dr,3.0,41,20
PR-9eJ7rS,2.0,39,2
PR-9gcP8z,3.0,39,17
PR-9kNZUy,2.0,39,2
PR-9kOmqp,2.0,39,0
PR-9lI3dy,2.0,41,22
PR-9n8Nr3,3.0,39,27
PR-9oSzc2,4.0,39,19
PR-9pR7ze,2.0,39,16
PR-9pyNVm,3.0,39,20
PR-9r2GYr,3.0,39,21
PR-9sB1fn,3.0,41,26
PR-9wCrN8,4.0,42,26
PR-9wZBcd,3.0,39,20
PR-A0j8Yf,4.0,39,17
PR-A21r31,2.0,39,15
PR-A3pvk8,2.0,39,10
PR-A3tiJU,4.0,41,25
PR-A6IdPc,3.0,39,26
PR-A8pKra,2.0,39,5
PR-AAAPDO,2.0,42,1
PR-AHpqjT,3.0,39,21
PR-AJ5XMp,3.0,39,12
PR-AL364w,3.0,39,19
PR-ALq0Yt,3.0,40,17
PR-AMm3Zq,3.0,39,22
PR-AOMFGh,3.0,39,20
PR-AQQ8je,3.0,41,24
PR-AT5o0p,4.0,39,16
PR-AT83ry,3.0,39,27
PR-ATaCVL,4.0,39,19
PR-AUf1NQ,4.0,41,8
PR-AW0JTG,3.0,39,17
PR-AWnGYa,2.0,39,18
PR-Ab0F9V,2.0,39,12
PR-Aedghf,3.0,41,21
PR-AfhuNj,2.0,39,0
PR-AiAKPa,2.0,39,17
PR-AkSGR2,3.0,42,31
PR-Am6S8Y,4.0,39,22
PR-AtRatC,2.0,39,11
PR-AvkItL,2.0,39,13
PR-Aw8yIF,3.0,39,20
PR-B0reXl,4.0,39,24
PR-B68TAb,3.0,39,17
PR-B7qAWp,2.0,39,17
PR-B8lCsL,2.0,39,4
PR-B8sPoH,3.0,39,22
PR-BBR01Z,2.0,41,2
PR-BD4v1E,3.0,39,21
PR-BDblKP,2.0,39,11
PR-BFXtA4,4.0,39,23
PR-BGUgGC,4.0,40,26
PR-BHM9qa,3.0,39,19
PR-BItqQB,4.0,39,20
PR-BOuA93,4.0,39,23
PR-BOyb4U,4.0,39,21
PR-BPgrFv,3.0,39,27
PR-BQUEwv,3.0,39,17
PR-BRYJyP,3.0,39,24
PR-BSfH86,2.0,41,10
PR-BTEHU6,3.0,42,20
PR-BTFgwn,2.0,39,12
PR-BTcI0F,3.0,39,17
PR-BVJyOj,2.0,41,12
PR-BWkmsQ,2.0,39,0
PR-BWl30D,2.0,39,0
PR-Bb62wP,2.0,39,4
PR-BbwK1U,2.0,39,0
PR-BhaMSr,2.0,41,21
PR-BiUc1B,2.0,39,17
PR-BidGw1,2.0,39,5
PR-BkYxbN,2.0,39,6
PR-BklaUR,3.0,41,31
PR-BlwAzJ,3.0,41,23
PR-BqUhod,2.0,42,7
PR-BqenKD,3.0,42,21
PR-BqqB9P,2.0,39,2
PR-Bqt58y,3.0,39,19
PR-Bs4EcD,2.0,39,6
PR-BsTUFT,4.0,39,25
PR-BtGoCz,2.0,39,6
PR-Bu7W7o,2.0,39,3
PR-Bz57NU,2.0,39,12
PR-C0LzlL,2.0,39,18
PR-C0X6Ou,4.0,39,21
PR-C12hqa,2.0,40,14
PR-C2qhxs,3.0,39,19
PR-C54KuC,3.0,39,27
PR-C67eeP,2.0,39,2
PR-C6kpQY,3.0,41,20
PR-C79Gem,2.0,41,8
PR-C7LnAs,2.0,41,13
PR-C8Jq2o,2.0,39,4
PR-C8mUzj,3.0,39,25
PR-C99sfc,2.0,39,0
PR-CAq8kn,2.0,39,11
PR-CHJbfm,2.0,42,23
PR-CIG8el,4.0,39,23
PR-CIxoDJ,2.0,39,6
PR-CJ8O0a,3.0,39,28
PR-CK8DSi,3.0,42,14
PR-CLtc1a,2.0,39,3
PR-CLuBZa,3.0,39,20
PR-CNTfxE,3.0,39,25
PR-CO3oM7,3.0,39,23
PR-CO5UBI,3.0,39,21
PR-CQGieI,2.0,39,15
PR-CRT33x,3.0,39,18
PR-CRi1z7,2.0,39,5
PR-CS2DaB,3.0,39,18
PR-CTnbq9,3.0,39,27
PR-CWsu0l,3.0,39,21
PR-CYTnwV,3.0,39,22
PR-CaXKYy,4.0,39,17
PR-Cbj0hG,3.0,39,27
PR-CbuOaH,2.0,41,7
PR-Cbzb19,3.0,41,18
PR-Cc6WwT,2.0,41,0
PR-CdFk6C,2.0,39,13
PR-Ce7PEk,4.0,41,29
PR-Ce8eMD,5.0,41,25
PR-CgIjIP,2.0,39,0
PR-ChODde,3.0,39,21
PR-CiXMqx,3.0,39,24
PR-CiXXaA,2.0,39,0
PR-CjBrCR,4.0,41,19
PR-CjKgF5,2.0,39,7
PR-ClnFLO,2.0,39,9
PR-CmCc4i,3.0,41,27
PR-Copf59,3.0,39,19
PR-CpW7at,3.0,39,20
PR-CpkIXj,4.0,39,16
PR-CqsOR2,3.0,39,23
PR-CwO7jK,3.0,39,27
PR-CyXafL,4.0,41,36
PR-D0lSrO,3.0,39,27
PR-D2aXQ2,4.0,39,21
PR-D4T3Ef,2.0,39,15
PR-D5RrTQ,4.0,39,19
PR-D6qdG3,2.0,39,5
PR-D6zgVp,3.0,39,19
PR-D8dZbb,3.0,39,15
PR-D8ybEK,2.0,42,2
PR-D9grN4,2.0,39,7
PR-DACp7A,3.0,41,23
PR-DEEPBR,2.0,41,14
PR-DFfMyZ,2.0,39,15
PR-DGbP1m,3.0,39,20
PR-DLWpGD,4.0,41,8
PR-DNBVYi,3.0,39,19
PR-DNEoiz,3.0,41,21
PR-DNRFgC,2.0,39,7
PR-DOinrY,3.0,39,27
PR-DQfNOV,3.0,39,23
PR-DR1DGB,4.0,39,24
PR-DRBE6q,3.0,39,28
PR-DT2Iui,2.0,39,8
PR-DWehDo,3.0,39,14
PR-DWgEQr,3.0,39,21
PR-DXR2Qg,2.0,39,2
PR-DYssDQ,4.0,41,33
PR-DZBLku,4.0,39,19
PR-DaJPv6,2.0,39,0
PR-DbwlQN,3.0,42,15
PR-DlcQhe,4.0,39,16
PR-DmHCFE,4.0,39,19
PR-DnuhxL,4.0,41,29
PR-DrDDw1,2.0,39,0
PR-Ds9QdK,2.0,39,0
PR-DtMcDr,3.0,42,25
PR-DtistW,3.0,39,21
PR-DuXlVu,4.0,39,18
PR-Dx7c37,3.0,41,21
PR-E1sXJN,4.0,42,32
PR-E4gauh,4.0,41,10
PR-E4kgLt,3.0,39,25
PR-E5M02g,3.0,39,23
PR-E6Fs6d,3.0,39,15
PR-E6SXDf,5.0,41,27
PR-E8ir6x,2.0,41,5
PR-EAWErG,3.0,39,24
PR-ECBoGq,2.0,41,20
PR-EDZlOB,2.0,39,11
PR-EEtw9B,3.0,41,22
PR-EFHSQ0,3.0,39,10
PR-EFsHrO,2.0,41,2
PR-EGztqb,4.0,39,27
PR-EHFFMF,2.0,39,16
PR-EHVOVz,3.0,39,26
PR-EImm1L,2.0,39,3
PR-EIrIJl,3.0,39,21
PR-EJPcTI,4.0,41,27
PR-ELdKN5,2.0,39,9
PR-ENi2ee,3.0,39,24
PR-ETM41Q,2.0,39,6
PR-EZrEGr,2.0,39,9
PR-EbZW7K,4.0,39,23
PR-EbcA0P,3.0,39,24
PR-EjK0zK,3.0,41,21
PR-EkK3sD,4.0,39,25
PR-EnZ3C5,3.0,39,21
PR-EqGdPy,3.0,39,20
PR-EqdpB5,4.0,41,22
PR-EsfoqB,2.0,41,6
PR-EtBUC0,2.0,42,9
PR-EuQ6MV,4.0,39,19
PR-EvLXSQ,2.0,39,10
PR-F4kHPf,3.0,39,25
PR-F5xmyp,2.0,39,10
PR-F6Q8zj,2.0,39,16
PR-F6k6d2,3.0,39,21
PR-F7fOSJ,3.0,41,18
PR-F8qToO,4.0,39,11
PR-FCs4QQ,3.0,41,19
PR-FFGmUw,2.0,39,0
PR-FGHIYf,3.0,39,18
PR-FGeuv5,2.0,39,9
PR-FJS1XC,2.0,39,9
PR-FLLEIF,3.0,39,20
PR-FNigiY,2.0,39,12
PR-FNo80s,2.0,41,6
PR-FPobvq,3.0,41,23
PR-FSCKC9,3.0,41,20
PR-FSkNXD,3.0,39,19
PR-FSmUok,3.0,41,25
PR-FTDcqs,2.0,39,0
PR-FV0whW,3.0,39,22
PR-FVUD09,2.0,39,0
PR-FWG9sX,3.0,39,18
PR-FXJbJl,4.0,39,18
PR-FXTRkB,2.0,39,13
PR-FZ5nGv,2.0,39,6
PR-Fb1KnY,3.0,39,21
PR-FbZKpA,4.0,39,21
PR-FeoDhG,3.0,39,19
PR-FgeHco,2.0,39,7
PR-FhsuPc,3.0,41,30
PR-Fit7Mw,2.0,39,2
PR-FlRMNN,2.0,39,19
PR-FlwBPL,4.0,39,8
PR-Fm2w0A,4.0,41,23
PR-FnbgWC,2.0,41,2
PR-FnvgpP,4.0,39,28
PR-FoI5mV,4.0,42,18
PR-FoPc2W,3.0,39,23
PR-Fom7XN,3.0,42,28
PR-Fu0w28,2.0,39,7
PR-FuQbdF,4.0,39,23
PR-FxAJ7u,2.0,39,15
PR-Fxytjs,3.0,41,31
PR-FzRGD4,3.0,39,19
PR-G46D6E,3.0,41,18
PR-G4nBwv,4.0,42,8
PR-G5CRjD,2.0,41,4
PR-G6U4ng,2.0,41,9
PR-G8b3PF,4.0,39,21
PR-G8rozr,3.0,39,19
PR-G9uFht,3.0,41,24
PR-GABcbo,4.0,39,10
PR-GAXQdQ,2.0,39,0
PR-GFGbFE,2.0,39,0
PR-GGvVBy,3.0,41,21
PR-GHS53C,2.0,39,1
PR-GI0vZ5,2.0,41,17
PR-GK9z3H,3.0,42,22
PR-GNJfYr,4.0,39,17
PR-GNbxWa,3.0,39,23
PR-GOM8AR,4.0,39,11
PR-GOqi1p,2.0,39,4
PR-GRLHRt,3.0,39,13
PR-GSwHU2,2.0,39,10
PR-GT62zV,2.0,39,1
PR-GTChuh,3.0,39,14
PR-GThz6F,4.0,39,26
PR-GWI1RK,3.0,41,25
PR-GYfpLB,2.0,39,8
PR-GZUMxm,2.0,39,7
PR-GZZYAm,2.0,39,3
PR-GZkVwh,2.0,39,5
PR-GbAE4Q,3.0,39,22
PR-GfTBRx,3.0,39,24
PR-Ggfzdb,2.0,39,0
PR-Gjnn57,4.0,41,26
PR-GkWc1O,2.0,39,8
PR-GlQzO0,3.0,39,13
PR-GmFFYV,4.0,39,25
PR-GmX4vm,3.0,41,22
PR-GnWjak,2.0,39,14
PR-GoN0Kn,2.0,41,3
PR-GsPeEV,3.0,41,25
PR-Gta1iS,2.0,39,4
PR-Gtgm4G,2.0,41,8
PR-Gutdfk,2.0,41,10
PR-GxTIq9,4.0,39,22
PR-Gxa7VT,3.0,39,19
PR-Gyy0vs,3.0,39,13
PR-GzomD6,3.0,41,21
PR-H0niDs,3.0,39,22
PR-H1MJSv,4.0,41,24
PR-H29PoQ,3.0,39,23
PR-H4OMYl,3.0,39,23
PR-H4aeGM,3.0,39,28
PR-H5CCg3,3.0,39,23
PR-H9ZIC2,3.0,39,17
PR-HBKcFU,4.0,41,23
PR-HCETwH,4.0,39,16
PR-HCYCNG,2.0,39,0
PR-HCvEQp,2.0,39,17
PR-HD4xg6,3.0,39,17
PR-HEJeS7,4.0,39,13
PR-HKjaHs,4.0,39,9
PR-HLZsmV,4.0,39,23
PR-HN3C6C,3.0,41,24
PR-HPNL5a,4.0,41,22
PR-HRA6lV,4.0,39,20
PR-HTlWWb,2.0,39,9
PR-HUYTtP,4.0,39,14
PR-HUlLE6,2.0,39,3
PR-HV4OkR,3.0,39,23
PR-HXmKaZ,4.0,41,19
PR-HXqSxZ,3.0,39,19
PR-HZg4qI,2.0,39,19
PR-HcWhIT,2.0,39,13
PR-HhxI8n,2.0,39,5
PR-HlfNG0,3.0,40,17
PR-Hm3uFM,2.0,39,11
PR-HmmpcB,2.0,39,0
PR-HnL4XR,3.0,41,21
PR-HpHvbK,3.0,39,25
PR-HrvPOg,3.0,39,15
PR-Hu7pwC,3.0,41,26
PR-HvE8oO,3.0,41,24
PR-Hwjmfl,2.0,39,19
PR-HyMLJj,4.0,39,23
PR-HyeiHz,3.0,41,24
PR-HzNj7n,2.0,39,21
PR-I3vWjE,3.0,39,24
PR-I3wdvK,3.0,39,24
PR-I4hDk0,2.0,41,4
PR-I5tq2d,3.0,39,22
PR-I6zJEc,4.0,39,37
PR-I7HUTM,2.0,39,5
PR-I7fDcx,4.0,39,2
PR-ICoCdo,3.0,39,23
PR-IDBCK9,2.0,41,0
PR-IDcomg,3.0,39,19
PR-IEUpIB,4.0,40,22
PR-IEtvmH,2.0,39,2
PR-IGIhr2,3.0,39,25
PR-IJVmy8,2.0,39,0
PR-IJgOEC,2.0,39,10
PR-IKEVRD,3.0,39,19
PR-IMFqr8,3.0,39,23
PR-IMLIhh,3.0,39,23
PR-INrz6w,3.0,39,18
PR-IOjfDI,5.0,41,30
PR-IPei1i,2.0,39,2
PR-IRQ2ce,4.0,39,14
PR-IRf5z2,3.0,41,22
PR-ISWIso,2.0,39,12
PR-ISgnyI,4.0,42,25
PR-IW3DXn,2.0,41,10
PR-IXUH2G,3.0,39,21
PR-Ib0r4P,4.0,39,4
PR-IepkNe,2.0,39,2
PR-If3Zof,3.0,39,21
PR-IfWBJl,3.0,39,19
PR-IfyIyr,2.0,39,7
PR-Ig61Ov,2.0,39,2
PR-IiBaqI,3.0,39,25
PR-IkZJPN,3.0,39,20
PR-ImSfnI,4.0,39,13
PR-IoB78f,3.0,41,16
PR-IqCpcq,3.0,39,26
PR-IryW36,3.0,39,17
PR-IwcVXa,2.0,39,5
PR-IxWu6d,3.0,42,31
PR-J6Jx7G,2.0,39,6
PR-JBx1jl,3.0,39,27
PR-JEv1oA,2.0,42,1
PR-JFxpSB,3.0,41,24
PR-JIWarm,4.0,39,13
PR-JImvdF,2.0,39,1
PR-JLqFyB,3.0,39,19
PR-JMz6wX,3.0,39,24
PR-JNsJI1,3.0,41,22
PR-JOlhYh,2.0,39,18
PR-JQtN4F,2.0,39,0
PR-JSUJXv,2.0,41,10
PR-JToJzQ,2.0,39,1
PR-JUyl3z,4.0,39,21
PR-JVQxPE,3.0,41,23
PR-JWMTAX,2.0,39,0
PR-JZDjEe,4.0,41,16
PR-JaOGpt,2.0,41,6
PR-JauVnO,2.0,39,20
PR-JbzjQE,2.0,39,0
PR-Jeddgl,3.0,39,25
PR-JelpSO,4.0,39,21
PR-JiufD2,3.0,40,18
PR-JjCrR3,5.0,39,25
PR-JjObZD,2.0,39,3
PR-JlGUxm,2.0,39,0
PR-JroBPO,2.0,39,15
PR-Js1Maa,3.0,39,27
PR-Jt5ZBG,2.0,42,2
PR-JtY4aG,2.0,39,8
PR-JuZE1l,4.0,39,20
PR-JyiOtL,2.0,42,13
PR-K0KOcW,4.0,41,27
PR-K3zX9w,2.0,42,9
PR-K4GgIa,3.0,39,19
PR-K7jU73,2.0,39,5
PR-K8jbg4,4.0,39,25
PR-K9Bi2i,2.0,41,14
PR-KAjQ0y,3.0,39,17
PR-KFM9lV,4.0,39,19
PR-KFQhY1,2.0,41,21
PR-KJHVYR,2.0,41,0
PR-KJlrRh,2.0,39,16
PR-KOoRzM,4.0,39,30
PR-KPFNpX,2.0,39,2
PR-KR7GjG,3.0,39,24
PR-KUcXKO,2.0,39,6
PR-KUfCyG,2.0,39,1
PR-KWpKHv,2.0,41,10
PR-KYeoP9,3.0,41,19
PR-KYx8aG,2.0,39,10
PR-KYxq2O,4.0,39,24
PR-KaeQoW,4.0,39,22
PR-Kaer3I,2.0,39,9
PR-KcHKzT,2.0,39,12
PR-KeeVHg,3.0,39,24
PR-KfC5sa,2.0,39,6
PR-KfGlp0,4.0,41,31
PR-KgoxFX,4.0,39,25
PR-Kh1iW2,4.0,39,7
PR-KkCq6r,2.0,39,2
PR-KktycR,2.0,42,0
PR-KnZ4MA,2.0,39,14
PR-Ko7qop,3.0,39,26
PR-KpLx5V,2.0,39,0
PR-KsTFT1,4.0,39,19
PR-KvICaQ,4.0,39,12
PR-Kwf0uj,3.0,39,25
PR-KxMRtA,4.0,39,27
PR-KxbTVc,3.0,39,20
PR-KyByNY,3.0,39,23
PR-Kz3B24,5.0,39,26
PR-L0Yely,3.0,39,16
PR-L1dOGo,2.0,39,8
PR-L20QEq,4.0,42,17
PR-L2ABsw,3.0,39,18
PR-L3FIui,2.0,41,2
PR-L3QLdq,4.0,39,23
PR-L4JGxA,2.0,39,8
PR-L4aIPw,3.0,39,22
PR-L5V3oJ,2.0,39,20
PR-L7L0jx,3.0,39,23
PR-L7QvCt,3.0,41,18
PR-L7mR5L,2.0,39,16
PR-LBDu2l,5.0,39,29
PR-LBnrNX,2.0,41,1
PR-LKnZT2,3.0,39,26
PR-LLWIab,2.0,39,0
PR-LNN01m,4.0,39,27
PR-LQ2181,3.0,39,24
PR-LV9jQc,2.0,39,5
PR-LVJxLQ,4.0,39,27
PR-LWqJ8q,2.0,39,10
PR-LXdkYi,4.0,39,25
PR-LYWGog,2.0,42,2
PR-LYqPJx,3.0,39,18
PR-LZHDZW,2.0,41,3
PR-LZhV7k,2.0,39,17
PR-LZkbaa,4.0,39,21
PR-Lc7rO4,3.0,39,14
PR-LcLyDt,3.0,41,18
PR-LccvHb,2.0,39,21
PR-LfrPBd,2.0,39,18
PR-LgFEBI,4.0,39,18
PR-LgiHjm,3.0,39,19
PR-LmNm2B,2.0,39,7
PR-LnJyrQ,2.0,42,12
PR-Lnw363,3.0,39,20
PR-LnyWEs,2.0,41,1
PR-LuKRL8,3.0,39,20
PR-LzFWUL,2.0,39,0
PR-LzLxWW,4.0,39,23
PR-LzqC1p,4.0,41,22
PR-M2cfgE,3.0,41,23
PR-M3eWHa,3.0,39,22
PR-M4ZI3x,3.0,39,15
PR-M8qILE,4.0,42,21
PR-MA8H1x,2.0,39,0
PR-MCTJuq,3.0,39,20
PR-MD14e2,3.0,39,17
PR-MDRlzU,3.0,39,23
PR-MDhIPk,3.0,39,17
PR-MFYhaf,2.0,42,0
PR-MFjhsh,2.0,39,12
PR-MHJBhN,4.0,42,25
PR-MILDLe,4.0,39,15
PR-MKQZdU,4.0,41,19
PR-MKblfW,4.0,41,17
PR-MKqv4R,2.0,39,12
PR-MLO8v2,2.0,39,16
PR-MLVo5c,3.0,39,17
PR-MO0P4C,2.0,39,6
PR-MQLCPH,3.0,41,23
PR-MQO7wZ,2.0,39,0
PR-MTgql5,2.0,39,21
PR-MUPtwP,3.0,41,26
PR-MV0Jbw,2.0,39,5
PR-MVmw0R,2.0,39,0
PR-MWPnKs,3.0,39,23
PR-MaDpLA,3.0,41,21
PR-MdDaly,2.0,39,15
PR-MdYnGF,2.0,41,5
PR-MedeG1,4.0,41,21
PR-Mgs8Jd,3.0,39,17
PR-MhBq1t,3.0,41,24
PR-MjCKCh,2.0,39,5
PR-MjJjJT,2.0,41,2
PR-MlyZv5,2.0,39,0
PR-Mm8GjQ,3.0,41,29
PR-MnWmgX,2.0,39,2
PR-Mp8kTg,4.0,41,29
PR-Ms9vnJ,2.0,39,18
PR-MsaED6,3.0,39,20
PR-Mupa85,2.0,42,9
PR-MvBHDz,3.0,39,21
PR-MvGdkR,4.0,39,32
PR-MwPyG0,2.0,41,3
PR-Mwdycl,2.0,39,10
PR-Mz1e3q,3.0,41,24
PR-N08yNU,4.0,39,22
PR-N0x0YD,2.0,39,14
PR-N1krey,3.0,39,18
PR-N61LpQ,2.0,39,14
PR-N6yb3y,2.0,39,11
PR-N8AZT5,3.0,41,24
PR-N8LnB4,5.0,39,24
PR-N8ZQUe,3.0,41,25
PR-N8x1Nm,3.0,39,20
PR-NAiysP,4.0,39,19
PR-NDks9r,2.0,39,13
PR-NEWHLd,2.0,41,1
PR-NIF1g9,3.0,41,28
PR-NKbkQk,4.0,41,35
PR-NMyopl,4.0,39,25
PR-NO2bZx,3.0,39,20
PR-NOx3i9,3.0,41,23
PR-NSPGdW,2.0,39,17
PR-NSdezC,4.0,39,12
PR-NTPVwY,3.0,39,21
PR-NUWkI8,2.0,39,10
PR-NVYpYS,2.0,39,12
PR-NVbKhU,2.0,39,13
PR-NXn9fL,2.0,41,12
PR-NXnKOn,3.0,39,26
PR-Nc2NbR,2.0,39,8
PR-NgWPx6,2.0,39,7
PR-NhQdyh,3.0,39,20
PR-NivMj6,2.0,39,8
PR-NjOMXr,2.0,39,4
PR-Nken5D,4.0,39,20
PR-NnDh3Y,2.0,39,7
PR-NpGjEQ,2.0,39,6
PR-Nq0Q5F,3.0,39,16
PR-NqFlat,2.0,39,7
PR-NqIlBM,2.0,39,0
PR-Nqfp9a,3.0,41,21
PR-Ns2lrw,3.0,39,22
PR-Ntt9ka,4.0,39,20
PR-NxSV8u,2.0,39,22
PR-Nzbo9w,3.0,42,30
PR-O1Dni4,3.0,41,27
PR-O238Fk,4.0,41,21
PR-O5LkYZ,2.0,41,18
PR-O604SG,3.0,39,24
PR-O6ph9B,3.0,41,21
PR-O7DYG6,2.0,39,9
PR-O92s3k,2.0,39,12
PR-O9KXmv,4.0,39,13
PR-ODuGmn,4.0,39,9
PR-ODzNZa,2.0,41,3
PR-OFRo5c,4.0,39,15
PR-OGnFWk,4.0,39,18
PR-OIULtg,3.0,39,18
PR-OPYJGD,3.0,41,27
PR-OQ1hW5,3.0,42,20
PR-OQ5tU2,2.0,42,22
PR-OSnev7,2.0,39,1
PR-OVKC0B,2.0,39,8
PR-OXY6i8,2.0,39,13
PR-OY1uJm,4.0,39,15
PR-OZ6R7a,4.0,39,13
PR-Oa5yYx,2.0,41,1
PR-ObcI54,4.0,39,19
PR-ObqFdr,3.0,39,27
PR-Oc6nXl,2.0,39,3
PR-Oelq6a,3.0,40,25
PR-Ogq8Lr,3.0,39,20
PR-OgsoZe,4.0,39,20
PR-Oi0m4s,4.0,41,12
PR-OiV5Kb,2.0,39,6
PR-Olj6Go,3.0,42,24
PR-OnfvPl,2.0,39,0
PR-OpUZTs,3.0,39,18
PR-Opwkfg,2.0,41,6
PR-OqdVQy,3.0,41,25
PR-Oqe9zV,2.0,39,1
PR-OrnAxc,3.0,41,16
PR-Oyo0DM,3.0,39,14
PR-Ozn9wx,2.0,39,1
PR-P0Rp9C,3.0,39,15
PR-P70lSh,2.0,41,9
PR-P7ivEQ,4.0,41,24
PR-P8Mmg9,4.0,39,8
PR-P8uoM2,2.0,39,8
PR-PAUwQU,2.0,39,11
PR-PCwxLo,2.0,39,13
PR-PDWrO9,3.0,39,23
PR-PGHA4A,3.0,41,27
PR-PGuya8,2.0,39,11
PR-PHQxAp,2.0,39,0
PR-PMKcwe,2.0,39,0
PR-PNDSJp,2.0,39,4
PR-PNKnmM,3.0,39,25
PR-PNumjR,2.0,39,22
PR-PRMsmy,3.0,39,27
PR-PST5Il,2.0,39,9
PR-PUVNfT,4.0,39,21
PR-PV4SRx,3.0,41,24
PR-PVzVZB,3.0,42,29
PR-PXfH6L,3.0,39,20
PR-Pc7OqJ,3.0,39,18
PR-Pd0Ucw,4.0,41,26
PR-PeOuiH,4.0,41,30
PR-PfPZdy,2.0,42,6
PR-Ph0yg6,2.0,39,2
PR-PjxhIE,3.0,41,16
PR-Pk6WaT,3.0,39,24
PR-PlVtvW,3.0,42,24
PR-PoDIAB,3.0,39,19
PR-PqVB39,4.0,41,26
PR-PtADWb,5.0,41,25
PR-PtRjNs,2.0,39,19
PR-Pu3UZo,3.0,39,24
PR-Px03bN,3.0,39,14
PR-PyVSzx,3.0,41,19
PR-Q0HrBx,2.0,39,17
PR-Q3RMrl,3.0,39,24
PR-Q4CsMv,2.0,42,10
PR-Q4XyLs,2.0,39,10
PR-Q546sg,3.0,39,18
PR-Q8fJfe,2.0,39,9
PR-Q919N6,2.0,39,0
PR-QCCkpK,2.0,39,9
PR-QCdKYn,3.0,39,19
PR-QCxK5E,2.0,39,17
PR-QEFNJs,3.0,39,28
PR-QGc7RQ,3.0,41,33
PR-QHfi2e,2.0,39,10
PR-QHgFcn,2.0,39,10
PR-QHtzJK,3.0,39,21
PR-QHzHqA,4.0,39,18
PR-QIV3db,3.0,39,21
PR-QIpKET,2.0,42,2
PR-QJmkZg,3.0,39,24
PR-QK7vCY,3.0,39,26
PR-QOdtDP,2.0,39,11
PR-QOqqMr,3.0,39,23
PR-QQ2Hv2,3.0,39,18
PR-QRsGiF,2.0,39,1
PR-QS8mc4,2.0,39,4
PR-QTjcq8,2.0,39,0
PR-QXCygP,3.0,41,21
PR-QZhuij,2.0,39,19
PR-QbZr1w,2.0,39,6
PR-QgRnyg,3.0,42,20
PR-QhWU7w,3.0,39,20
PR-Qjrhu6,4.0,41,19
PR-QjtQz3,4.0,39,25
PR-Ql2CAo,2.0,39,6
PR-QnZ5wx,2.0,39,0
PR-Qswcpe,2.0,41,2
PR-Qvs2q6,2.0,39,0
PR-QyHIkX,4.0,39,15
PR-QzzYAo,3.0,41,29
PR-R159B7,3.0,39,22
PR-R1zayg,2.0,41,15
PR-R2MMJk,2.0,41,10
PR-R8syrq,3.0,39,28
PR-RBSHwN,2.0,41,10
PR-RBrfAT,4.0,39,24
PR-RD6k1g,4.0,39,6
PR-RDQSwP,2.0,39,3
PR-RDbb1o,2.0,42,0
PR-RFKHCv,2.0,41,12
PR-RG9TgA,3.0,41,28
PR-RGCMOy,2.0,41,18
PR-RJ1wxA,2.0,39,3
PR-RMWWpu,4.0,42,27
PR-RNtGZ6,2.0,41,5
PR-RO88TC,4.0,39,9
PR-ROLR8U,3.0,39,25
PR-RPURmp,2.0,39,0
PR-RQzZIL,2.0,39,2
PR-RSc97t,2.0,39,1
PR-RT7ojv,3.0,41,19
PR-RVdl85,3.0,41,23
PR-RZUnHd,2.0,41,19
PR-RaAEhK,2.0,39,6
PR-RaUmVV,3.0,39,26
PR-Rgexy9,2.0,42,6
PR-RgsbUW,2.0,39,0
PR-RkaN4r,4.0,39,24
PR-RlqMkp,3.0,42,24
PR-Ro0oLp,4.0,39,0
PR-RqMK4y,4.0,39,27
PR-RqiMzA,3.0,39,22
PR-RrNtSH,3.0,39,15
PR-RsZ9zP,4.0,39,8
PR-RtIft3,3.0,42,24
PR-Ru1ESx,3.0,39,24
PR-RwW06i,2.0,39,4
PR-Rzu8kD,3.0,41,21
PR-S1aCQE,3.0,41,18
PR-S35cHM,5.0,39,29
PR-S3PvSN,3.0,39,20
PR-S4t9Bw,3.0,39,20
PR-S7cmQD,2.0,39,18
PR-S7lkMC,2.0,41,8
PR-S8c1QK,2.0,39,10
PR-SBnQoB,2.0,39,12
PR-SCRFDt,2.0,39,4
PR-SD32IL,3.0,41,27
PR-SI1tk5,3.0,39,17
PR-SJnFT9,4.0,39,23
PR-SK0W61,4.0,39,0
PR-SKoeyK,4.0,39,26
PR-SM1VOk,2.0,42,2
PR-SRIORa,3.0,41,21
PR-STBMsm,3.0,41,19
PR-STYA1S,4.0,39,14
PR-SVlRCu,3.0,39,22
PR-SWg0Hh,4.0,39,13
PR-SXPIzb,4.0,41,30
PR-SYDSQr,3.0,39,24
PR-SdXryf,3.0,39,16
PR-SeFuI3,3.0,39,20
PR-Si5Yjt,4.0,39,20
PR-Sitlx9,2.0,39,1
PR-SjTUk5,3.0,39,23
PR-SlqWmK,3.0,39,25
PR-SmHH3N,4.0,39,17
PR-SnfLeG,2.0,39,8
PR-SngPym,3.0,41,33
PR-SnpeaT,2.0,39,1
PR-SoW4cJ,3.0,39,23
PR-SqG7aO,2.0,39,2
PR-StXnXE,3.0,39,20
PR-StdkBA,2.0,39,1
PR-SvOJGW,4.0,41,21
PR-SwrmVl,3.0,39,23
PR-T0QU0W,4.0,39,18
PR-T2CZVa,3.0,41,19
PR-T3ZngO,2.0,39,5
PR-T5Bs3L,2.0,41,19
PR-T5WTrk,3.0,39,20
PR-T65sdf,2.0,39,7
PR-T6ueCA,3.0,39,25
PR-T6viIN,3.0,39,22
PR-T80Hyf,2.0,39,8
PR-TAqZxy,2.0,39,13
PR-TBHWlG,3.0,39,23
PR-TCCkqZ,2.0,39,12
PR-TF1Z3V,3.0,41,23
PR-TLmgkJ,3.0,39,22
PR-TMNBmS,2.0,39,0
PR-TOatoO,3.0,41,20
PR-TQcwbW,2.0,39,16
PR-TRwlmt,4.0,41,29
PR-TRx6qN,2.0,41,10
PR-TUwXM3,3.0,39,20
PR-TVqeZI,4.0,39,19
PR-TYbIdm,2.0,39,0
PR-TaYUkt,2.0,39,16
PR-TdY360,3.0,39,22
PR-Tek4yt,2.0,39,4
PR-Th0Tcz,2.0,41,19
PR-Tm9gPE,3.0,41,23
PR-Tmcdai,3.0,39,18
PR-TnhbP6,4.0,41,25
PR-TpjQn4,3.0,39,21
PR-TsIoQA,3.0,40,20
PR-TtBuVY,2.0,39,7
PR-TvKzhh,2.0,39,0
PR-TwcRx7,4.0,41,28
PR-TyCr4L,2.0,39,3
PR-TyIacC,3.0,39,18
PR-TyXr4o,3.0,41,20
PR-TzMb0x,2.0,39,11
PR-U2fdjq,2.0,39,0
PR-U5IgY1,2.0,39,16
PR-U81Lgm,4.0,39,5
PR-UAFuXt,2.0,39,6
PR-UASMsg,3.0,41,18
PR-UAyqFG,4.0,41,11
PR-UC7qTj,4.0,41,25
PR-UF98e7,3.0,39,21
PR-ULagYi,2.0,39,5
PR-UOSXFI,4.0,39,23
PR-UOveiJ,3.0,41,23
PR-UPMOnp,4.0,41,28
PR-UT5BUO,3.0,39,21
PR-UTZoJl,3.0,41,21
PR-UUj3dy,3.0,39,22
PR-UVYGFt,3.0,39,16
PR-UYg6uV,3.0,42,25
PR-UaW9gv,3.0,39,15
PR-UcL778,4.0,39,26
PR-UjQ0Q2,2.0,39,0
PR-UrJrtk,3.0,39,19
PR-UrpBYx,2.0,39,0
PR-UupMo5,3.0,39,23
PR-UxEzNY,4.0,39,21
PR-V0CO22,2.0,41,7
PR-V1Tfkf,4.0,41,27
PR-V4DbaQ,2.0,39,0
PR-V5ECBf,2.0,41,2
PR-V5gLbW,2.0,41,6
PR-V7yF9H,2.0,39,16
PR-VCdH0u,2.0,39,3
PR-VCeNaZ,2.0,39,10
PR-VCqemJ,2.0,39,9
PR-VFDGPx,3.0,39,21
PR-VFQLXe,2.0,39,2
PR-VGraRK,2.0,41,0
PR-VHuCQ4,2.0,39,4
PR-VJ4QO4,3.0,39,22
PR-VJskD1,3.0,39,26
PR-VKDITz,3.0,39,21
PR-VLStra,4.0,39,26
PR-VLTXhP,4.0,41,22
PR-VLl1A3,3.0,39,17
PR-VOyovx,3.0,39,20
PR-VPHL4s,2.0,42,9
PR-VROgY4,3.0,39,25
PR-VU9Wts,3.0,39,23
PR-VURGSl,2.0,39,9
PR-VVVniJ,3.0,39,22
PR-VWdCKv,3.0,39,22
PR-VY6lxi,2.0,41,0
PR-VYzbJ2,4.0,39,24
PR-Vclq4K,4.0,39,18
PR-VeXBGh,3.0,39,29
PR-VepCQY,2.0,39,7
PR-VfX2J4,3.0,39,19
PR-VfXZwU,4.0,39,18
PR-VqAoGS,2.0,39,10
PR-Vts9ic,3.0,42,25
PR-VuD5rl,4.0,41,31
PR-VuYr6p,2.0,41,12
PR-VvDpP0,3.0,39,18
PR-Vy4CRv,3.0,39,16
PR-VzGMkU,3.0,39,24
PR-W05ZUE,3.0,39,24
PR-W1tE7B,3.0,39,17
PR-W2jVpl,3.0,39,23
PR-W6TbGf,2.0,42,4
PR-W7Xf5v,2.0,39,19
PR-W9yGhh,4.0,39,27
PR-WBnZkt,2.0,41,16
PR-WBtPbe,2.0,39,13
PR-WH8Zs5,3.0,39,20
PR-WHoiZN,3.0,39,20
PR-WHvVGL,3.0,39,17
PR-WIWH9f,3.0,41,18
PR-WKTDpU,2.0,41,7
PR-WKuuI6,2.0,41,1
PR-WNpEYB,3.0,39,22
PR-WO3P3h,2.0,41,7
PR-WO4QLw,3.0,42,24
PR-WOLnKr,3.0,39,23
PR-WQDDwP,2.0,39,19
PR-WRa9AK,3.0,41,24
PR-WRtyNt,4.0,39,14
PR-WT0UBI,3.0,39,28
PR-WTMdUL,2.0,39,3
PR-WU0LTt,2.0,39,1
PR-WUu6zZ,2.0,39,0
PR-WVHySQ,3.0,39,17
PR-WWRXPx,3.0,42,29
PR-WXjyA3,3.0,39,13
PR-WZHiO9,2.0,39,0
PR-WZZ0aJ,3.0,39,24
PR-WZj3Lc,2.0,39,6
PR-WZtkzQ,3.0,39,22
PR-Wa2xOE,4.0,41,32
PR-WbTN8k,4.0,39,24
PR-WcRp8L,2.0,39,21
PR-WdDv1i,4.0,39,23
PR-WfmELG,2.0,39,11
PR-WgUzdj,4.0,39,22
PR-WgZfuJ,2.0,39,8
PR-WguVHw,4.0,39,25
PR-WiM2X2,3.0,39,23
PR-WjpsOP,2.0,39,13
PR-WlmmpR,2.0,39,2
PR-WqHj2s,2.0,39,0
PR-Wras42,4.0,39,24
PR-WsJLDR,3.0,39,22
PR-WyXK1D,2.0,39,9
PR-WzXIVp,2.0,41,19
PR-WzbTYh,4.0,41,20
PR-WziB5R,3.0,39,24
PR-X5mbcD,2.0,39,15
PR-X8sCBt,3.0,40,19
PR-X96ugW,3.0,41,18
PR-XCLaFP,4.0,39,11
PR-XDGHfi,4.0,41,25
PR-XDaSGk,2.0,39,1
PR-XEXq2q,4.0,39,24
PR-XFxyxc,3.0,39,22
PR-XHNuX5,3.0,39,18
PR-XHOE24,3.0,39,22
PR-XHbOKZ,2.0,39,3
PR-XKO1VZ,2.0,39,1
PR-XMhMtv,2.0,39,7
PR-XPIRTj,3.0,39,20
PR-XROOQD,3.0,39,22
PR-XRuYjh,3.0,39,20
PR-XSz4ci,3.0,39,20
PR-XTCfjw,2.0,39,11
PR-XVtuiY,2.0,41,4
PR-XW4pvi,3.0,39,16
PR-XWNNMT,2.0,39,7
PR-XZ0NkH,2.0,41,3
PR-XcC2fL,2.0,39,2
PR-Xcdqi8,2.0,39,4
PR-XdBZqt,3.0,39,21
PR-XeLdka,4.0,41,19
PR-Xf3ckY,2.0,39,4
PR-Xhtv3P,3.0,39,19
PR-XiLnRf,2.0,39,5
PR-XmXZWF,2.0,39,5
PR-XnNruP,2.0,39,0
PR-XnS0fU,4.0,41,23
PR-XqU6xJ,4.0,39,17
PR-XuGTpJ,3.0,41,20
PR-XuaRbz,4.0,41,26
PR-XwvS9a,3.0,39,17
PR-XxnYbe,4.0,41,26
PR-Xxrn4L,4.0,39,23
PR-Xxy3ap,3.0,39,16
PR-XydG5i,3.0,39,23
PR-Y2Q9WR,2.0,41,22
PR-Y4M65x,2.0,41,19
PR-Y6KPlY,2.0,41,3
PR-Y9AJZJ,2.0,39,0
PR-YAM0fc,4.0,39,6
PR-YB7Ihh,3.0,41,20
PR-YBkTES,4.0,39,19
PR-YBrjCk,2.0,41,13
PR-YCTSEm,3.0,39,24
PR-YCiZWz,2.0,39,0
PR-YJBstR,2.0,41,13
PR-YJpl8R,3.0,41,22
PR-YNAqeW,2.0,41,3
PR-YQaWBV,2.0,39,10
PR-YS6dsK,3.0,42,18
PR-YWsnzi,2.0,39,0
PR-YWxy3X,3.0,41,16
PR-YXlKWL,3.0,41,23
PR-YYirlb,3.0,41,17
PR-YazqZR,3.0,39,23
PR-YeTq76,3.0,39,25
PR-Yf6hXD,2.0,41,3
PR-YhKASl,2.0,39,7
PR-YhYTrF,4.0,39,16
PR-YhyskV,4.0,39,21
PR-Yiw9el,3.0,39,23
PR-Yjy61f,3.0,41,6
PR-YkFyBd,2.0,40,5
PR-Yr8PjQ,4.0,41,25
PR-Yx8AAk,3.0,41,20
PR-YyLPhD,4.0,39,20
PR-Yybm32,2.0,39,6
PR-Z29WnC,3.0,41,19
PR-Z2rciA,2.0,40,14
PR-Z48fd0,2.0,39,16
PR-Z6ygbb,2.0,39,7
PR-Z7RHS2,3.0,41,13
PR-Z7l5n7,2.0,39,6
PR-ZDZnM2,4.0,39,6
PR-ZH3h2j,3.0,39,24
PR-ZLhvp0,3.0,39,19
PR-ZMEDE0,3.0,41,22
PR-ZMmdCl,3.0,39,16
PR-ZQMIEy,4.0,39,23
PR-ZQyKh4,3.0,39,24
PR-ZU3ok7,2.0,39,1
PR-ZUMcMj,4.0,39,10
PR-ZUTeZC,2.0,39,6
PR-ZUgx91,3.0,39,27
PR-ZWkBLk,4.0,41,14
PR-ZXBMUP,2.0,39,11
PR-ZXiFr9,4.0,39,16
PR-ZYtjVT,2.0,40,15
PR-ZaxePm,3.0,41,26
PR-Zdrl57,3.0,41,28
PR-ZgBiSD,3.0,39,22
PR-Zgs0ZX,3.0,39,21
PR-ZhEuUF,3.0,42,24
PR-Zi3tBO,3.0,39,22
PR-Zn1T2Y,2.0,39,2
PR-ZnwNzc,3.0,39,23
PR-ZoU1XK,3.0,39,23
PR-ZomkXl,2.0,39,17
PR-Zoo4ok,4.0,39,29
PR-ZqouQc,2.0,39,13
PR-Zr0JBj,2.0,39,7
PR-ZrElIU,2.0,39,16
PR-ZrRaCI,2.0,39,7
PR-ZviR3O,2.0,39,0
PR-ZxbCmO,4.0,39,14
PR-ZzjQOA,2.0,39,9
PR-a0MJ1U,2.0,41,5
PR-a0tOiq,3.0,39,24
PR-a1Hd3T,3.0,41,21
PR-a1RVFy,3.0,39,21
PR-a2Kg84,4.0,41,23
PR-a5T2sI,2.0,39,9
PR-a87IXe,2.0,39,5
PR-a8EG9o,4.0,39,22
PR-aDtlbv,4.0,41,31
PR-aEFSAe,4.0,39,28
PR-aEbAHG,3.0,39,17
PR-aF1MTe,2.0,41,17
PR-aFJEFo,3.0,39,18
PR-aFx2RI,2.0,39,10
PR-aHHBb9,2.0,39,4
PR-aOg6Eh,2.0,39,3
PR-aOyWp8,2.0,39,3
PR-aP2PPs,2.0,42,4
PR-aPcu78,3.0,39,24
PR-aQbC5a,3.0,41,22
PR-aSvuxu,3.0,39,24
PR-aX3Sfy,2.0,41,9
PR-aXILcs,2.0,39,0
PR-aZnSMf,3.0,42,19
PR-abmyqE,2.0,39,0
PR-abv1Dv,2.0,39,3
PR-ac6dwC,3.0,41,18
PR-acVOPL,3.0,39,23
PR-aiXnV7,3.0,39,26
PR-ajQnpq,2.0,39,0
PR-ajZBVx,4.0,39,17
PR-amLslQ,2.0,41,20
PR-amOb4F,2.0,39,13
PR-anC3My,3.0,39,19
PR-apl6oj,3.0,41,20
PR-aprFtM,2.0,42,8
PR-aqBSZU,3.0,42,21
PR-aqFo8p,3.0,39,20
PR-au8O9i,4.0,41,18
PR-auPrz1,5.0,39,27
PR-axXePt,2.0,39,11
PR-b0MYqi,2.0,39,8
PR-b3YKAJ,4.0,41,34
PR-b45Wgm,2.0,39,7
PR-b6SuFY,2.0,39,18
PR-bBX617,4.0,41,17
PR-bDxA3a,3.0,42,35
PR-bEUnI1,3.0,39,26
PR-bFagWx,2.0,41,11
PR-bFkp19,2.0,39,8
PR-bGi14b,4.0,39,24
PR-bI4Uy3,4.0,39,19
PR-bJVBIL,2.0,41,16
PR-bKVUeM,4.0,41,14
PR-bLARMO,3.0,39,22
PR-bLDw8z,4.0,41,16
PR-bO1fo6,4.0,39,4
PR-bPOZxz,2.0,39,7
PR-bQhOCB,3.0,39,15
PR-bQzhGw,2.0,39,10
PR-bR1uy1,3.0,41,16
PR-bRG72C,3.0,39,19
PR-bTdCzB,3.0,39,22
PR-bUAQT5,3.0,39,21
PR-bWucLt,4.0,39,21
PR-bcH5U5,4.0,41,21
PR-bdhY8L,3.0,41,18
PR-bgMxsQ,3.0,41,24
PR-bhIzgj,2.0,39,0
PR-bhMYSp,2.0,39,0
PR-bjdNXf,3.0,39,14
PR-blDO6C,2.0,39,3
PR-blZ2pd,2.0,42,10
PR-boobRt,4.0,41,29
PR-bpXeZh,3.0,41,23
PR-bpilTt,2.0,39,2
PR-bql0CQ,4.0,39,18
PR-bsFLyR,4.0,39,34
PR-bugbt6,3.0,39,19
PR-buq1qQ,2.0,39,8
PR-bzaMNn,2.0,39,0
PR-c3WH0h,2.0,41,25
PR-c4vJHK,3.0,39,20
PR-c659kW,3.0,42,21
PR-c96VFo,3.0,39,24
PR-cBcN9J,2.0,39,10
PR-cBdecy,4.0,39,26
PR-cBwtP5,2.0,41,20
PR-cEu8oY,2.0,39,12
PR-cHUO0l,2.0,39,18
PR-cI75AX,4.0,39,21
PR-cIS47b,3.0,41,21
PR-cIskZW,3.0,41,23
PR-cJ5K5i,3.0,41,21
PR-cL2BVU,2.0,39,0
PR-cO6ZzX,3.0,41,31
PR-cOouv4,2.0,39,4
PR-cPO7yw,3.0,39,18
PR-cQHv2j,2.0,39,19
PR-cQo9SA,3.0,39,26
PR-cRvFhR,2.0,39,8
PR-cU6icv,3.0,40,23
PR-cXw5Th,3.0,39,22
PR-cZPORM,2.0,39,1
PR-ceqzpN,3.0,39,17
PR-cfJNvc,2.0,39,8
PR-chTfP9,2.0,39,0
PR-ciP7m4,4.0,40,15
PR-cjtkus,3.0,39,19
PR-cmDO3z,3.0,39,21
PR-cn774J,5.0,39,29
PR-cpo7Iu,2.0,39,4
PR-cqVlaE,3.0,39,23
PR-cqwJOU,4.0,39,18
PR-cr0HA8,3.0,39,23
PR-csN5al,2.0,39,11
PR-cx2Pov,4.0,39,22
PR-cyKI25,2.0,39,18
PR-d2HoaW,3.0,39,17
PR-d2uH9W,3.0,41,19
PR-d3Gt2J,4.0,39,19
PR-d6kMHU,2.0,39,8
PR-d8Xeu3,4.0,41,29
PR-dFyNJN,3.0,39,19
PR-dIGRQn,2.0,41,13
PR-dIoH1a,4.0,39,10
PR-dKCpI0,3.0,39,24
PR-dLGfN8,4.0,41,25
PR-dMhgcd,4.0,39,8
PR-dPW9OL,3.0,41,22
PR-dQRFAD,2.0,39,18
PR-dQcfqn,3.0,39,21
PR-dRCp1n,4.0,39,14
PR-dRFAtd,3.0,39,24
PR-dRGv9A,4.0,39,27
PR-dRHrfr,2.0,39,0
PR-dTN7So,2.0,39,3
PR-dTy3Nb,2.0,39,7
PR-dU5OV4,3.0,39,20
PR-dUc5lh,3.0,42,26
PR-dUx44m,4.0,39,16
PR-dYE1Ic,3.0,41,21
PR-denguS,4.0,39,23
PR-dl7baN,4.0,39,19
PR-dnLHT0,3.0,39,20
PR-doNNha,2.0,39,0
PR-dsHkxo,4.0,39,20
PR-dugN3L,2.0,41,6
PR-duoKre,2.0,39,11
PR-dvnpCj,4.0,39,16
PR-dygAPj,2.0,39,8
PR-dzc7yJ,2.0,39,4
PR-e0e2Uf,5.0,39,21
PR-e2DqLA,4.0,41,26
PR-e4k1Rx,4.0,41,21
PR-e5YSqD,4.0,39,32
PR-e61Vnx,3.0,39,19
PR-e7tfAw,2.0,39,0
PR-e7ykXF,4.0,39,31
PR-eC8Vkw,3.0,41,20
PR-eDbeAr,4.0,41,9
PR-eEUZcy,2.0,39,3
PR-eFC9MA,3.0,39,29
PR-eHZJvZ,3.0,39,23
PR-eJKW7S,2.0,39,15
PR-eJXkNU,2.0,39,21
PR-eK1c8R,3.0,39,12
PR-eM3bAr,3.0,39,21
PR-eN29bJ,2.0,39,3
PR-eTh7sY,2.0,39,12
PR-eTsr5L,4.0,39,27
PR-eUFjmR,2.0,39,9
PR-eUfoVk,2.0,39,8
PR-eVFKjZ,3.0,42,27
PR-eW4uZr,2.0,39,3
PR-eXCb19,3.0,39,17
PR-eawROX,3.0,39,20
PR-eb0GsA,3.0,39,31
PR-ebX2pq,3.0,41,20
PR-eeWYjQ,2.0,39,19
PR-eeoBVq,4.0,39,16
PR-ejTtKM,3.0,41,25
PR-elakr5,4.0,41,32
PR-eleyUv,3.0,41,27
PR-eqqLfG,2.0,39,20
PR-eqyUyf,3.0,39,19
PR-ermWZJ,2.0,39,2
PR-exCH50,3.0,41,26
PR-ey4Yyh,2.0,41,12
PR-ez1rNy,4.0,41,20
PR-f1OPax,3.0,39,19
PR-f22YyN,4.0,39,14
PR-f2NT4P,2.0,41,0
PR-f3Q8vc,2.0,41,13
PR-f3aeaA,4.0,39,18
PR-f4mZsh,2.0,39,21
PR-f4nG7d,3.0,39,26
PR-f4sBTR,3.0,39,22
PR-f67WG7,4.0,39,26
PR-f7BNiO,2.0,39,2
PR-f7h4Ex,3.0,39,19
PR-f99RFb,2.0,41,4
PR-fAUVnh,4.0,39,24
PR-fBKnqX,2.0,39,6
PR-fBhmJ1,3.0,41,24
PR-fCUMvS,3.0,39,24
PR-fEdE5F,3.0,39,19
PR-fFRxCv,2.0,39,3
PR-fIitxU,2.0,39,15
PR-fJojQL,3.0,39,22
PR-fK9BDe,4.0,39,25
PR-fMalmr,4.0,39,24
PR-fOsxTk,3.0,39,19
PR-fRV9F5,3.0,41,27
PR-fS57Uz,3.0,39,14
PR-fUygzs,4.0,39,25
PR-fWBkd2,3.0,39,19
PR-fXLYEJ,4.0,42,16
PR-fXpf9F,4.0,41,21
PR-fZpHRq,4.0,41,29
PR-fa7S8l,4.0,39,20
PR-fboip1,4.0,41,3
PR-feKElS,4.0,39,21
PR-fi9A8c,2.0,39,12
PR-fiCrEH,3.0,39,10
PR-fkk2Te,4.0,39,20
PR-fl0sBB,3.0,39,18
PR-fopnJu,2.0,39,15
PR-fpv3Pw,4.0,39,22
PR-fsqxV3,4.0,42,19
PR-ftXSpi,2.0,39,7
PR-fuJcby,3.0,39,24
PR-fwYSYD,4.0,39,9
PR-fx9kEA,4.0,39,10
PR-g3kS9D,2.0,39,9
PR-g4oKyy,4.0,39,20
PR-g5QF67,2.0,41,5
PR-g5rswH,2.0,41,20
PR-g73uDb,2.0,39,9
PR-g96FHP,2.0,39,2
PR-gCB400,3.0,39,15
PR-gCW6Ej,2.0,39,8
PR-gCyy2l,4.0,39,23
PR-gEOXZ9,2.0,39,18
PR-gEc0bf,4.0,42,20
PR-gEo6Dy,3.0,39,19
PR-gGa2h9,2.0,39,8
PR-gHIuxO,3.0,39,21
PR-gHfNU1,3.0,42,25
PR-gJ5wBu,3.0,39,27
PR-gNQqcU,2.0,39,1
PR-gOgH6x,2.0,41,2
PR-gOyGAM,4.0,39,15
PR-gQNhen,3.0,39,24
PR-gSDwyR,3.0,39,24
PR-gVEJHz,2.0,39,10
PR-gWKHTe,2.0,39,3
PR-gWlx0F,4.0,39,19
PR-gYTIm3,4.0,39,16
PR-gfHHWs,2.0,39,9
PR-gjJwnu,4.0,39,25
PR-gjPobh,4.0,42,27
PR-gkmgBd,2.0,41,19
PR-grhyYE,2.0,39,0
PR-griMjn,4.0,41,25
PR-gtCMcX,3.0,39,23
PR-gtpkTx,4.0,41,21
PR-gxuPCo,2.0,41,2
PR-h1jXJL,4.0,41,31
PR-h2XOKt,2.0,41,6
PR-h4toeM,4.0,39,13
PR-h5NMdB,4.0,39,23
PR-h8BzuB,2.0,39,10
PR-h8FBoU,3.0,39,24
PR-hGNA0B,3.0,41,15
PR-hIONKf,2.0,39,3
PR-hJMpMO,2.0,39,20
PR-hJcExB,3.0,40,17
PR-hK64QW,3.0,41,23
PR-hM4hT6,5.0,39,35
PR-hMA5Xe,3.0,42,29
PR-hN4fOZ,2.0,39,8
PR-hPeFPV,4.0,39,25
PR-hSMfhE,3.0,39,19
PR-hSjTFK,3.0,39,17
PR-hTO7AX,3.0,41,29
PR-hVRrXM,3.0,41,23
PR-hVwjEz,4.0,39,25
PR-hXZzXy,2.0,39,13
PR-hXuoiL,2.0,39,0
PR-hYGSTe,3.0,39,23
PR-hZ1B6p,3.0,39,19
PR-hbHzo5,3.0,41,2
PR-hceF11,2.0,39,5
PR-hclMO0,3.0,40,15
PR-hfd5Tc,2.0,39,21
PR-hfq8Sa,2.0,41,11
PR-hhpPii,2.0,39,6
PR-hkuteC,2.0,39,0
PR-hlXqVX,4.0,39,21
PR-hluHxj,2.0,39,0
PR-hqvIZ0,4.0,41,33
PR-hs2Mvr,5.0,39,28
PR-htpbeq,3.0,39,21
PR-hvlDoR,3.0,41,21
PR-hwbxfR,2.0,39,15
PR-hy3gz2,2.0,39,3
PR-hyM4ok,3.0,39,22
PR-hz54pd,2.0,39,9
PR-hzeifo,3.0,41,23
PR-hzq9Ct,4.0,39,26
PR-i0a92e,3.0,39,17
PR-i3038K,2.0,42,9
PR-i3IpRu,4.0,39,19
PR-i4D3ah,4.0,39,10
PR-i4s165,4.0,41,36
PR-i6J3tN,2.0,39,9
PR-i77vP2,3.0,39,26
PR-i9KTe7,3.0,39,25
PR-i9Rk7c,3.0,39,20
PR-iAFHQp,3.0,39,19
PR-iCR9h9,3.0,39,22
PR-iHNpl9,2.0,39,19
PR-iHY2zH,2.0,41,18
PR-iK1nqp,3.0,41,26
PR-iKaqm8,3.0,39,14
PR-iLYNrK,2.0,41,12
PR-iMDm0O,3.0,39,14
PR-iMfpfU,2.0,39,8
PR-iNp5wO,3.0,39,22
PR-iR9IHK,2.0,39,5
PR-iTkQMf,2.0,39,8
PR-iTqaF5,4.0,41,22
PR-iVaYeh,2.0,41,0
PR-iXWzlb,2.0,42,13
PR-iXXp7w,5.0,41,34
PR-ib1INl,2.0,39,18
PR-ictHbx,2.0,39,0
PR-idqkoH,2.0,39,2
PR-if8jun,4.0,39,17
PR-ifMZ87,2.0,39,3
PR-ifjSuo,2.0,39,19
PR-ig2DWN,2.0,41,0
PR-iheukO,3.0,39,18
PR-illyAu,3.0,39,18
PR-itLg7X,2.0,39,5
PR-ittzCo,4.0,40,22
PR-iw3UlU,4.0,39,15
PR-ixNsV7,3.0,39,23
PR-izr1JZ,2.0,39,0
PR-j2p2ig,4.0,39,28
PR-j4aaE8,2.0,41,1
PR-j5Qvx9,3.0,39,18
PR-jCSmGb,4.0,39,21
PR-jEIiBu,3.0,39,25
PR-jGkzxR,2.0,39,1
PR-jIMJXk,4.0,39,20
PR-jIagdM,2.0,39,8
PR-jL0LWf,3.0,41,21
PR-jLWDOq,3.0,39,14
PR-jMdExQ,3.0,39,29
PR-jPFk8p,3.0,39,24
PR-jSG90W,3.0,39,25
PR-jSRrFC,2.0,39,8
PR-jU9Qik,2.0,39,0
PR-jVSw8t,4.0,39,19
PR-jXeXvf,3.0,39,25
PR-jbhvzo,2.0,39,5
PR-jbp3GW,4.0,39,21
PR-jcuIuZ,4.0,39,19
PR-jd06v8,2.0,39,6
PR-jdCmbg,4.0,41,21
PR-jdOrba,3.0,41,29
PR-jhR7Fa,4.0,39,26
PR-jhmhyz,3.0,41,22
PR-jlPc3h,3.0,39,25
PR-jo1gJI,3.0,39,16
PR-jonoJG,2.0,42,9
PR-jp8FU0,3.0,39,20
PR-jtAaQ5,2.0,39,2
PR-jvsZI3,2.0,39,9
PR-jxcWCl,2.0,39,2
PR-jyEzcx,4.0,41,21
PR-k4G78U,3.0,39,13
PR-k4hRnW,4.0,39,22
PR-k5CObx,4.0,41,26
PR-k6mCjA,4.0,39,26
PR-k85cfM,4.0,40,4
PR-kERVrz,3.0,39,24
PR-kEWjFH,3.0,39,17
PR-kFAA0q,2.0,39,0
PR-kFdiwY,3.0,39,25
PR-kGWDgS,2.0,42,3
PR-kHWr8R,3.0,39,27
PR-kJNOeS,3.0,41,20
PR-kL47E1,3.0,39,20
PR-kNQIku,4.0,39,29
PR-kOBSRv,3.0,39,16
PR-kPl0Je,4.0,39,16
PR-kQzAC5,3.0,39,27
PR-kRqGcx,3.0,41,16
PR-kSuyzj,2.0,39,16
PR-kTHvaf,4.0,39,23
PR-kXsmMs,2.0,39,3
PR-kYV614,2.0,39,22
PR-kcqeyj,2.0,39,0
PR-kdCPJy,3.0,39,15
PR-kdOuZg,3.0,41,22
PR-kdiC2F,3.0,39,19
PR-kgYJ5d,2.0,39,3
PR-kka0OO,3.0,39,22
PR-kmc4Ev,2.0,41,4
PR-kmqlJn,4.0,39,20
PR-ko8bDr,3.0,41,15
PR-ko9wUu,2.0,39,4
PR-koOM8l,3.0,39,21
PR-ktQIpp,4.0,39,24
PR-ktQXdu,4.0,39,25
PR-ktkgBR,2.0,39,1
PR-kuOzy5,2.0,39,9
PR-kuQnIb,2.0,39,9
PR-kxQdo2,2.0,42,6
PR-kyhOao,3.0,41,19
PR-l1KgW6,2.0,39,6
PR-l2porG,4.0,39,24
PR-l4fS8L,2.0,39,19
PR-lITBRR,3.0,39,19
PR-lJ2Tej,3.0,40,19
PR-lJ66JC,2.0,39,11
PR-lLEXIT,2.0,41,3
PR-lOACG9,3.0,39,19
PR-lRsNFJ,3.0,39,25
PR-lTvstE,2.0,39,8
PR-lVpAZb,3.0,41,15
PR-lWcPsZ,4.0,39,22
PR-leaaZd,2.0,39,6
PR-lipqdd,2.0,41,7
PR-lj2b9S,3.0,39,18
PR-llr0IA,2.0,39,1
PR-lmPNPp,2.0,42,17
PR-loIhBM,2.0,39,9
PR-loPdXr,3.0,39,30
PR-lsXdrW,3.0,41,28
PR-lt2zJJ,4.0,39,12
PR-lt3s9Y,2.0,41,6
PR-lvPpjU,4.0,39,28
PR-lwhrTx,3.0,39,22
PR-lyajXC,2.0,39,5
PR-lygO7l,3.0,41,26
PR-lz47pG,4.0,41,21
PR-lzNIhF,3.0,39,23
PR-lzNVRi,4.0,39,25
PR-m3ZoDr,3.0,39,28
PR-m5oW3U,3.0,39,24
PR-m6sgxW,3.0,39,23
PR-m8B5zD,3.0,39,17
PR-mAWdud,3.0,39,16
PR-mCAIMI,2.0,39,3
PR-mCDWfb,2.0,39,6
PR-mCq0mE,2.0,41,3
PR-mDPnd1,2.0,39,5
PR-mEj6Jr,3.0,39,22
PR-mFjyo0,2.0,39,4
PR-mGujHd,3.0,42,17
PR-mH1G4k,3.0,39,22
PR-mITze7,2.0,41,20
PR-mKGNrd,4.0,39,18
PR-mLcCem,2.0,39,11
PR-mML1gU,3.0,42,27
PR-mTSI5B,3.0,39,22
PR-mURINF,4.0,39,25
PR-mWFxwu,4.0,39,11
PR-mXKNsQ,3.0,39,15
PR-mXR4Uw,4.0,39,21
PR-mXUTIx,3.0,39,27
PR-mXqAuf,2.0,39,3
PR-mYuOXb,3.0,41,28
PR-mZFuZt,2.0,39,10
PR-mZxPrI,2.0,39,13
PR-maGG5v,2.0,39,0
PR-maqskN,2.0,41,10
PR-mbct9S,3.0,39,26
PR-mdehro,2.0,41,18
PR-meswUv,2.0,41,8
PR-mg1MNZ,3.0,39,22
PR-mgdSqt,4.0,39,17
PR-mn1O3F,2.0,39,0
PR-mqIBwn,2.0,41,2
PR-msunnO,3.0,39,21
PR-mt2HbQ,4.0,39,17
PR-mtEr02,2.0,39,2
PR-mttOd9,4.0,39,26
PR-mvKyWh,4.0,42,18
PR-mx9DIr,2.0,39,6
PR-myGVbI,2.0,39,5
PR-n0eBhD,2.0,39,11
PR-n3idzY,2.0,39,3
PR-n4PHas,3.0,39,24
PR-n6wmX5,3.0,39,19
PR-n7TWY6,3.0,39,24
PR-n971e7,3.0,39,31
PR-n9KVQe,2.0,39,22
PR-nBvsae,3.0,39,22
PR-nH0ObA,3.0,42,24
PR-nIugZV,4.0,42,29
PR-nKNzNH,3.0,41,19
PR-nMEXwD,3.0,39,23
PR-nMG9sD,2.0,39,6
PR-nNoRvY,2.0,39,15
PR-nO7vwQ,3.0,39,20
PR-nQXJzs,3.0,39,19
PR-nRs8Pi,3.0,39,23
PR-nSOT6p,2.0,41,7
PR-nUWhyf,2.0,39,2
PR-nUdKoV,2.0,39,6
PR-naG97a,3.0,39,19
PR-nbQuIU,3.0,39,29
PR-ncvZdH,2.0,39,14
PR-ngBWBM,2.0,39,14
PR-ngot7H,2.0,39,4
PR-nhtu1r,3.0,39,13
PR-ni2mCH,3.0,39,18
PR-nsZxe5,3.0,41,21
PR-ntPyxk,3.0,39,10
PR-ntlhBz,3.0,42,25
PR-nuLyqg,3.0,39,15
PR-o0QjUJ,3.0,39,17
PR-o1Zpln,2.0,39,9
PR-o24ov9,2.0,39,8
PR-o3m2Xg,2.0,39,2
PR-oBE1tw,2.0,41,7
PR-oC95H5,3.0,39,27
PR-oFRLBK,4.0,41,28
PR-oGG8sd,4.0,39,29
PR-oJIbmY,2.0,39,8
PR-oKCH5w,3.0,41,16
PR-oKaxkJ,4.0,39,27
PR-oOIkJ2,2.0,41,14
PR-oQ48td,3.0,39,26
PR-oRjvwk,4.0,41,22
PR-oWDWeY,3.0,41,39
PR-oXrdOg,3.0,41,24
PR-oXy1xc,3.0,39,20
PR-oaKAIZ,4.0,39,22
PR-oavctB,2.0,39,5
PR-obsFce,3.0,39,24
PR-oc1tWJ,4.0,41,25
PR-oe5b6J,4.0,39,26
PR-og81ZO,3.0,39,21
PR-oi7HVZ,2.0,39,13
PR-oiSGnn,4.0,39,11
PR-oisawM,3.0,42,23
PR-oivE4Y,3.0,39,21
PR-oj10m2,3.0,41,22
PR-omDy4S,2.0,39,9
PR-onxKlt,2.0,39,18
PR-oqFF1H,3.0,39,18
PR-oqZkYM,4.0,41,20
PR-osa1xV,3.0,39,12
PR-otGOcY,3.0,41,24
PR-otqIte,2.0,39,3
PR-oxwSU8,2.0,39,6
PR-p0CUID,3.0,39,19
PR-p0FcrJ,2.0,41,9
PR-p32XuQ,3.0,42,32
PR-p3DQDP,3.0,39,19
PR-p4KnHJ,3.0,39,22
PR-p6CGNj,4.0,39,19
PR-pA9xa3,2.0,39,7
PR-pAeJPE,2.0,39,4
PR-pBnudB,2.0,39,18
PR-pBrljT,3.0,41,23
PR-pBuHLo,3.0,39,20
PR-pEEcjR,3.0,39,23
PR-pHYEPj,4.0,39,28
PR-pIrp51,2.0,41,10
PR-pJZM8U,4.0,39,26
PR-pKGCdj,3.0,39,20
PR-pKoGYe,2.0,39,15
PR-pO1idB,3.0,39,17
PR-pP13nB,2.0,39,8
PR-pPif7Y,4.0,39,22
PR-pQYCmp,3.0,41,21
PR-pR3KNg,2.0,39,2
PR-pRti9C,4.0,41,17
PR-pSFmDI,3.0,39,22
PR-pTi2a3,2.0,39,7
PR-pYHfy7,2.0,42,0
PR-pajigv,2.0,39,4
PR-pdqtLg,3.0,41,18
PR-phRbn2,4.0,41,26
PR-piUHST,2.0,39,0
PR-pjbPYg,4.0,39,39
PR-pjbvTk,4.0,39,24
PR-pm2bNm,3.0,39,27
PR-pm4VVX,3.0,41,26
PR-pnv2Q0,2.0,42,11
PR-poHcHD,2.0,39,10
PR-poR0GY,3.0,41,24
PR-ppRdDh,3.0,41,23
PR-pqyD89,5.0,39,27
PR-psGRjS,4.0,39,9
PR-ptLF3i,4.0,41,23
PR-pyNSbW,3.0,39,27
PR-pz76Ci,4.0,41,18
PR-pzvZFc,2.0,41,2
PR-q5rdqp,2.0,39,1
PR-q6ZR6Z,2.0,39,0
PR-q7gHJz,2.0,41,1
PR-q9IpON,3.0,39,19
PR-q9VmGQ,2.0,39,19
PR-q9xGCx,3.0,39,16
PR-qCkqEL,3.0,41,24
PR-qCwKEA,4.0,39,21
PR-qE4Z68,2.0,39,8
PR-qFAetc,3.0,39,21
PR-qFXmtn,3.0,39,20
PR-qJdgaX,2.0,41,6
PR-qLmgDV,2.0,42,16
PR-qMKheG,3.0,39,18
PR-qMuiGJ,3.0,39,20
PR-qNfUCg,5.0,39,31
PR-qOn2lx,3.0,39,22
PR-qOxoEw,3.0,42,21
PR-qXaD5w,2.0,39,16
PR-qY1GC4,2.0,39,6
PR-qZQMzx,3.0,39,29
PR-qapH05,3.0,39,13
PR-qc2Wdd,2.0,39,0
PR-qeHjNe,3.0,39,15
PR-qfOEgU,2.0,41,2
PR-qiEHVF,2.0,39,14
PR-qikTao,4.0,39,29
PR-qkR59R,2.0,39,2
PR-qkxDzs,4.0,39,21
PR-ql2TEI,3.0,39,27
PR-qmEELM,3.0,39,17
PR-qmmet5,3.0,41,20
PR-qoc7KB,3.0,41,21
PR-qpx3xg,3.0,39,23
PR-qqdGbf,4.0,39,11
PR-qqdlfv,3.0,39,26
PR-qriRkB,3.0,41,21
PR-qskzui,2.0,39,6
PR-qt5e4L,4.0,39,17
PR-qtRkjp,2.0,39,19
PR-qthRJk,2.0,39,0
PR-qw2Sxc,2.0,39,4
PR-qwNCQ4,2.0,39,6
PR-qxp9RO,2.0,42,3
PR-qy00pV,3.0,39,24
PR-r0b4cz,2.0,39,12
PR-r3HxM0,2.0,39,0
PR-r5ZcIl,4.0,41,37
PR-r7FfpC,2.0,39,19
PR-r8D1FM,3.0,39,20
PR-r8H4nA,4.0,39,23
PR-rAi6i6,2.0,41,0
PR-rBr1Ac,3.0,39,19
PR-rCh6Mh,4.0,39,25
PR-rCsB4y,2.0,39,11
PR-rEtqRg,4.0,39,20
PR-rIEjXG,2.0,39,3
PR-rIFUN5,3.0,39,20
PR-rJaHLi,2.0,39,8
PR-rKEOie,4.0,41,23
PR-rPKxdw,3.0,42,21
PR-rUMa0e,4.0,39,11
PR-rUvmIM,4.0,41,17
PR-rVZ8uS,2.0,39,3
PR-rWrc4g,3.0,39,18
PR-rXTNbR,4.0,39,19
PR-raOtPC,3.0,39,4
PR-ranxTI,3.0,39,11
PR-rcGiQh,3.0,39,18
PR-rdwJ5O,2.0,39,5
PR-reLFPu,4.0,39,25
PR-reftw6,3.0,39,20
PR-rf0POO,4.0,42,24
PR-rg1VGI,2.0,39,1
PR-rgs88K,3.0,41,20
PR-rk6CBC,3.0,39,18
PR-rllCnB,3.0,42,22
PR-rmiFGJ,4.0,41,27
PR-roGbFO,2.0,42,15
PR-rrhd85,3.0,39,24
PR-rsHOPc,2.0,39,6
PR-rsoNmY,4.0,41,10
PR-ru7QtA,3.0,39,12
PR-rwJHmk,3.0,39,17
PR-rwtCag,3.0,39,21
PR-rzmIld,3.0,41,16
PR-s2krk3,4.0,39,22
PR-s6xfW4,3.0,41,21
PR-s9Eho8,5.0,39,25
PR-s9g3cg,3.0,39,17
PR-s9uzxe,4.0,41,11
PR-sBaaMQ,3.0,41,23
PR-sDMrS8,3.0,39,20
PR-sE0XKo,3.0,41,22
PR-sHNnEP,2.0,41,5
PR-sHhvwZ,5.0,41,23
PR-sJO4Iz,2.0,39,15
PR-sKTs2p,4.0,41,23
PR-sMZ5rk,2.0,39,18
PR-sMfubO,2.0,39,0
PR-sMfxzR,3.0,39,19
PR-sQS7tJ,3.0,39,12
PR-sR52JX,3.0,41,27
PR-sRcKfl,3.0,39,23
PR-sTH0JD,3.0,41,24
PR-sTrH6K,2.0,39,9
PR-sTuBAT,2.0,39,13
PR-sWq53R,3.0,39,18
PR-sX8XAW,2.0,41,6
PR-sXRdtF,3.0,39,14
PR-sYRyfT,2.0,39,3
PR-sZnySk,2.0,39,0
PR-sbeUkh,3.0,40,29
PR-sbjG3E,3.0,41,19
PR-sgXEkc,2.0,41,19
PR-sheU7X,2.0,39,2
PR-sj5BHs,2.0,39,8
PR-slPVjh,3.0,41,20
PR-sofYL7,2.0,39,4
PR-stCYi4,3.0,39,20
PR-sxFiuq,3.0,41,25
PR-sy1tXm,2.0,39,5
PR-t1P1Sr,3.0,39,15
PR-t7VCy2,3.0,41,20
PR-t7z2DQ,2.0,39,0
PR-t8SaQo,4.0,41,11
PR-t9BfWk,3.0,39,17
PR-tC0JtW,3.0,39,18
PR-tCtgHM,3.0,41,17
PR-tEpLCL,2.0,41,1
PR-tFHPwI,3.0,39,24
PR-tFOWBW,4.0,42,30
PR-tG48qj,2.0,39,0
PR-tGnS2w,2.0,39,9
PR-tILCVb,4.0,39,10
PR-tKIRoD,2.0,41,5
PR-tN3aBR,2.0,42,7
PR-tOPQ2g,3.0,41,26
PR-tP3e6v,3.0,41,22
PR-tPzPUq,3.0,39,23
PR-tQFHsq,4.0,41,26
PR-tQeua5,3.0,39,21
PR-tRVGiP,3.0,41,19
PR-tSo8IZ,4.0,39,17
PR-tUVd0n,2.0,39,12
PR-tUWgXH,2.0,39,3
PR-tVr0u3,3.0,42,26
PR-tWQFtj,3.0,39,18
PR-tXEhvN,2.0,39,2
PR-tZNsQS,3.0,41,24
PR-ta2aWo,2.0,39,7
PR-tbjuMc,2.0,42,6
PR-tcGtRs,2.0,41,17
PR-td87Mh,3.0,41,26
PR-tearO4,2.0,39,10
PR-tghtMl,4.0,42,17
PR-thY0Ic,2.0,39,2
PR-tjwdfV,2.0,39,19
PR-tlSkiu,5.0,41,24
PR-tlmnnu,2.0,39,9
PR-tp1aPG,2.0,39,8
PR-tqUPnF,4.0,41,9
PR-trzETS,2.0,42,5
PR-ttXMT7,2.0,39,6
PR-txDXl3,2.0,41,14
PR-ty3Lml,2.0,41,2
PR-ty9Iv8,2.0,39,12
PR-u1G9JO,2.0,41,9
PR-u33CrR,2.0,41,8
PR-u3DLBk,2.0,39,9
PR-u3pZT9,4.0,39,16
PR-u4kN2i,2.0,39,14
PR-u5FimK,2.0,39,1
PR-u5LGMv,3.0,41,19
PR-u6Hr13,3.0,39,23
PR-u8S23q,3.0,42,15
PR-uBG2IJ,3.0,39,23
PR-uC3q5l,2.0,39,6
PR-uC8ruN,2.0,39,8
PR-uE8CeT,4.0,40,26
PR-uERIsp,2.0,39,2
PR-uEVRa5,3.0,39,18
PR-uFu7TD,3.0,39,26
PR-uIFwjz,3.0,41,26
PR-uIW9AY,4.0,39,20
PR-uKiczK,2.0,41,2
PR-uKy2tK,3.0,42,28
PR-uLhkBr,2.0,39,2
PR-uMEAcV,3.0,39,24
PR-uMouS2,3.0,39,20
PR-uN6QIJ,3.0,41,30
PR-uNZMrD,3.0,42,28
PR-uP1Tus,3.0,39,16
PR-uRHa2w,2.0,39,9
PR-uRt0D1,2.0,39,0
PR-uSMhrI,2.0,41,2
PR-uUwc6d,2.0,39,4
PR-uWKgcA,3.0,41,21
PR-uY1Fyn,2.0,39,19
PR-uY72Wj,2.0,39,0
PR-uYaeFm,2.0,39,7
PR-ufFe7L,3.0,41,26
PR-uiAmJy,2.0,39,6
PR-ujFcgb,2.0,39,11
PR-ujr7KK,4.0,42,27
PR-ujvCEY,4.0,39,18
PR-ukNBMh,3.0,41,19
PR-ulV4sS,3.0,39,25
PR-unkPlv,2.0,39,6
PR-uoyRhw,3.0,39,20
PR-uqGF1w,3.0,39,15
PR-urSizP,3.0,39,25
PR-urUs9X,2.0,39,19
PR-urWkad,2.0,42,19
PR-usLYqC,3.0,39,18
PR-usYVu2,3.0,39,20
PR-uv4nre,4.0,39,9
PR-ux8lgh,2.0,39,0
PR-uxMCaY,2.0,41,0
PR-uyeqvA,3.0,41,26
PR-uzeoir,3.0,41,20
PR-v1urNX,2.0,39,8
PR-v3s6l2,2.0,39,2
PR-v47I4Y,3.0,41,15
PR-v47xoc,3.0,39,20
PR-v6GkOV,2.0,39,0
PR-v6aSUR,4.0,39,14
PR-v6dl4k,3.0,39,21
PR-v728kC,2.0,39,0
PR-v9p7an,2.0,39,22
PR-vBFXO4,2.0,39,5
PR-vE6f3B,4.0,41,28
PR-vE8egc,4.0,42,8
PR-vGhKl3,3.0,39,22
PR-vGphLy,2.0,39,7
PR-vJToCF,3.0,39,24
PR-vKyeZU,4.0,39,18
PR-vMnbB3,3.0,41,21
PR-vN6yOP,4.0,39,22
PR-vP9GO6,4.0,39,27
PR-vPcJUK,3.0,39,22
PR-vPt9Bt,4.0,39,23
PR-vSKNEp,3.0,39,23
PR-vUSWDj,3.0,39,22
PR-vW8e3y,2.0,39,0
PR-vWVWC4,4.0,39,19
PR-vYAqGj,4.0,41,19
PR-vZtlym,2.0,39,0
PR-vZyZVM,3.0,41,30
PR-vaaJsg,4.0,39,21
PR-vaxvTg,4.0,39,25
PR-vb25Kn,4.0,39,23
PR-vct1gT,2.0,39,14
PR-vf1ybd,3.0,39,25
PR-vg2xl6,3.0,41,27
PR-vgMZdF,3.0,41,26
PR-vhCGJp,2.0,41,21
PR-vhQ7Yl,2.0,41,18
PR-vhjVKS,4.0,41,24
PR-viylXs,3.0,39,22
PR-vk1X9X,3.0,39,16
PR-vlIHkF,2.0,39,4
PR-vm6g9M,4.0,39,19
PR-vnMZQb,2.0,39,5
PR-vq5eee,3.0,39,28
PR-vsBlze,4.0,39,11
PR-vsOIl2,2.0,39,2
PR-vuRAsN,2.0,39,0
PR-vuT2eV,2.0,39,7
PR-vxER4h,4.0,39,25
PR-w17BEw,3.0,39,19
PR-w2evP5,3.0,39,23
PR-w3ptEE,2.0,41,2
PR-w45aIp,4.0,41,5
PR-w4xKgb,4.0,39,22
PR-w6rzl9,2.0,39,0
PR-w8gCeg,2.0,39,0
PR-w9FGAF,3.0,41,23
PR-w9vaqz,3.0,41,20
PR-wCP4NG,3.0,40,21
PR-wCf7pr,2.0,39,4
PR-wDOzJq,3.0,39,23
PR-wEiQi3,3.0,39,24
PR-wGySam,3.0,39,24
PR-wHCEKi,2.0,39,16
PR-wJ7MxM,2.0,41,7
PR-wKsgIY,3.0,39,20
PR-wMJR2g,3.0,39,24
PR-wMUliU,3.0,41,22
PR-wNBi2F,4.0,41,28
PR-wOnm20,3.0,39,23
PR-wRP10K,2.0,39,4
PR-wSF0te,2.0,39,0
PR-wTKq7j,5.0,41,27
PR-wUsoa9,3.0,39,21
PR-wWIak4,2.0,39,2
PR-wX1VpX,2.0,39,3
PR-wXb2sj,3.0,42,28
PR-waV5HO,2.0,41,10
PR-wcIlWE,3.0,39,22
PR-wcXD7g,2.0,40,1
PR-whKOqh,2.0,39,16
PR-wm23sm,2.0,41,10
PR-wmFTQZ,3.0,41,20
PR-wnGSlU,2.0,39,17
PR-wpOwwg,3.0,39,19
PR-wqCpUw,4.0,39,5
PR-wtAgZH,3.0,41,20
PR-wwQB7j,2.0,39,0
PR-wwcl8t,2.0,39,16
PR-wyYRyw,4.0,41,22
PR-x05CZT,2.0,41,5
PR-x0ykwz,2.0,39,18
PR-x3dWKC,2.0,39,6
PR-x4UouK,3.0,39,4
PR-x5QGJg,2.0,39,7
PR-x8Nct7,2.0,39,13
PR-x90g4m,4.0,39,9
PR-xCLW2a,2.0,39,21
PR-xCr90y,3.0,39,27
PR-xCyXtz,3.0,41,24
PR-xEIrBG,3.0,41,27
PR-xEjg3t,4.0,39,21
PR-xF75nj,2.0,39,17
PR-xIcKv7,3.0,42,21
PR-xKMlp1,2.0,39,8
PR-xLaSFy,3.0,39,19
PR-xLm7Mh,4.0,39,28
PR-xMfdhk,4.0,39,12
PR-xPGi93,4.0,39,25
PR-xQBHhh,2.0,39,15
PR-xRsxof,3.0,39,19
PR-xahF4c,3.0,39,20
PR-xbYmRS,2.0,39,8
PR-xcjpPu,4.0,41,28
PR-xfBhbF,3.0,41,24
PR-xftxYA,3.0,42,29
PR-xg6q2c,4.0,41,12
PR-xgyQRo,4.0,41,23
PR-xmGg0Q,4.0,39,19
PR-xnmF4E,3.0,39,26
PR-xpRCE9,3.0,39,24
PR-xpWLRd,4.0,39,15
PR-xqcEF4,2.0,41,12
PR-xty2b8,4.0,42,30
PR-xvMj9B,3.0,39,23
PR-xvkzz3,3.0,39,19
PR-xyiBD5,3.0,41,24
PR-y1k7Ve,2.0,39,4
PR-y29pOB,4.0,39,14
PR-y3WQWw,3.0,41,21
PR-y3wle9,4.0,39,16
PR-y7DmB5,4.0,41,23
PR-y8SruX,4.0,39,16
PR-yAMu3o,4.0,39,23
PR-yBALA0,4.0,39,26
PR-yBAw2p,3.0,39,25
PR-yEZYvr,3.0,41,23
PR-yFRI6x,3.0,39,21
PR-yKlWOs,2.0,39,9
PR-yNa0bY,4.0,39,26
PR-yPBjRa,3.0,41,20
PR-yPh1Ou,5.0,41,26
PR-yQJScO,3.0,42,20
PR-yQKg9I,3.0,41,24
PR-yQROox,2.0,39,0
PR-yQcBwB,3.0,41,16
PR-yRC5Iq,4.0,39,21
PR-yVIatm,3.0,39,23
PR-yX1uS6,3.0,39,19
PR-yY64Z3,3.0,39,24
PR-yZCCrM,2.0,39,0
PR-yZwrBZ,4.0,39,24
PR-yb94mw,3.0,39,26
PR-yfBgqc,3.0,39,27
PR-yg65fA,3.0,39,19
PR-ygFawj,3.0,39,22
PR-yil4Fa,3.0,39,23
PR-ykAWhq,2.0,39,13
PR-ylCfEa,2.0,41,2
PR-ylNx7D,2.0,39,17
PR-yln1TB,4.0,39,18
PR-ymF7Fs,4.0,39,6
PR-ymhriY,2.0,39,9
PR-ypI3pl,2.0,39,3
PR-ytV4kc,3.0,39,25
PR-yxKqFd,3.0,39,20
PR-yyBP8Q,4.0,39,15
PR-yyBW7y,3.0,41,22
PR-yyT0Tp,2.0,39,9
PR-z1ZBpL,2.0,39,4
PR-z5WBjK,3.0,39,27
PR-z6pIpO,4.0,42,20
PR-zAi49E,3.0,39,26
PR-zB9Zze,3.0,41,26
PR-zGVgVP,2.0,39,3
PR-zGaxVZ,3.0,39,23
PR-zL9R8E,3.0,42,26
PR-zLvaqE,3.0,39,25
PR-zMVPxL,2.0,41,12
PR-zRKqjo,2.0,39,17
PR-zRvFdj,2.0,42,8
PR-zW4f56,3.0,39,16
PR-zWwfjk,3.0,42,28
PR-zWyHnl,2.0,39,17
PR-za3nFW,3.0,39,21
PR-zcbVpz,3.0,41,22
PR-zcctwC,3.0,39,20
PR-zfFP2G,2.0,41,8
PR-zhXA7g,2.0,39,6
PR-zjofuM,4.0,41,29
PR-zlHHKA,2.0,42,26
PR-zohwKg,3.0,39,21
PR-zqnXiv,4.0,39,17
PR-zrjzDr,2.0,41,7
PR-zv0mdh,2.0,39,8
PR-zy5agd,2.0,41,13
PR-zyM15A,4.0,39,24
