gene,stratum,n,rho,p,set,q_BH,signif
PSMA1,all,946,-0.0018811542255813786,0.9539219370562634,20S core,0.9539219370562634,False
PSMA1,solid,833,-0.005761123026177458,0.8681351332998661,20S core,0.9161768096701081,False
PSMA1,haematological,113,-0.056110412627288275,0.5549926558428449,20S core,0.7478355027055027,False
PSMA2,all,946,-0.041980871295399076,0.19702567250556038,20S core,0.4597265691796409,False
PSMA2,solid,833,-0.05105704596864914,0.140928355491124,20S core,0.38577146565690384,False
PSMA2,haematological,113,0.01954529376277347,0.8371980383002818,20S core,0.9093702829813407,False
PSMA3,all,946,-0.12747828270802625,8.433636969933011e-05,20S core,0.0010626382582115594,True
PSMA3,solid,833,-0.0761289037549931,0.02801314320456609,20S core,0.11765520145917759,False
PSMA3,haematological,113,-0.13818814411083272,0.1443890633601692,20S core,0.38577146565690384,False
PSMA4,all,946,0.01907436824960492,0.5579090258279148,20S core,0.7478355027055027,False
PSMA4,solid,833,0.02400019156996917,0.4890963832933036,20S core,0.7002970942608665,False
PSMA4,haematological,113,-0.08803717073317474,0.3537995531955816,20S core,0.5715223551620934,False
PSMA5,all,946,-0.0632208777783322,0.051911666759698015,20S core,0.18169083365894304,False
PSMA5,solid,833,-0.028764960777418015,0.407029887242414,20S core,0.6339683380104411,False
PSMA5,haematological,113,-0.13731714914357906,0.14696055834548719,20S core,0.38577146565690384,False
PSMA6,all,946,-0.13311358727273334,4.0071582316204794e-05,20S core,0.0006311274214802255,True
PSMA6,solid,833,-0.08629626449713426,0.01271800765194787,20S core,0.08012344820727159,False
PSMA6,haematological,113,-0.20675920244189344,0.028003091838262616,20S core,0.11765520145917759,False
PSMA7,all,946,-0.03108028575194253,0.3396249066377873,20S core,0.5715223551620934,False
PSMA7,solid,833,-0.03812164544455128,0.2717661891407268,20S core,0.5707089971955263,False
PSMA7,haematological,113,-0.11427120575165213,0.22813933623834112,20S core,0.5133135065362675,False
PSMB1,all,946,0.006704393224112371,0.8368397673723652,20S core,0.9093702829813407,False
PSMB1,solid,833,-0.012710990987079597,0.7141224161747072,20S core,0.8485878954872033,False
PSMB1,haematological,113,-0.06402854869323062,0.5004658734603482,20S core,0.7006522228444875,False
PSMB2,all,946,0.034915846955187325,0.2833528326633034,20S core,0.5715223551620934,False
PSMB2,solid,833,-0.007692298345922123,0.8245606597415551,20S core,0.9093702829813407,False
PSMB2,haematological,113,0.075126441505654,0.42903497393710577,20S core,0.6435524609056587,False
PSMB3,all,946,-0.011349842132319914,0.7273610532747457,20S core,0.8485878954872033,False
PSMB3,solid,833,0.03572765273427646,0.30303695288755583,20S core,0.5715223551620934,False
PSMB3,haematological,113,-0.18352989168843942,0.05167646736203371,20S core,0.18169083365894304,False
PSMB4,all,946,-0.11442556592717061,0.0004213535654510657,20S core,0.003792182089059591,True
PSMB4,solid,833,-0.0817257362203332,0.018316738414826932,20S core,0.0961628766778414,False
PSMB4,haematological,113,-0.18426336113454775,0.05073301152516326,20S core,0.18169083365894304,False
PSMB5,all,946,-0.19788952889751127,8.289956936308242e-10,20S core,5.2226728698741924e-08,True
PSMB5,solid,833,-0.07734200804670448,0.025600609395249652,20S core,0.11765520145917759,False
PSMB5,haematological,113,-0.26076505785165494,0.005277575148883592,20S core,0.04156090429745828,True
PSMB6,all,946,-0.03633819605381678,0.26418718748339426,20S core,0.5707089971955263,False
PSMB6,solid,833,0.032362756745059895,0.3508782032100525,20S core,0.5715223551620934,False
PSMB6,haematological,113,-0.09175869468416764,0.33374195726772815,20S core,0.5715223551620934,False
PSMB7,all,946,-0.1735213901231215,7.840853923919273e-08,20S core,2.469868986034571e-06,True
PSMB7,solid,833,-0.0639705189145721,0.06497670045965434,20S core,0.21544905941885387,False
PSMB7,haematological,113,-0.027046685825245165,0.7761302845907756,20S core,0.8890219623494339,False
PSMC1,all,946,-0.12364960978894488,0.00013744751239134294,19S ATPase,0.0014431988801091008,True
PSMC1,solid,833,-0.0872065811501236,0.011803924238099079,19S ATPase,0.08012344820727159,False
PSMC1,haematological,113,-0.39764045835155504,1.293437368582197e-05,19S ATPase,0.00027162184740226136,True
PSMC2,all,946,0.013780682852945694,0.6720663864904908,19S ATPase,0.830199653900018,False
PSMC2,solid,833,0.05283542451971828,0.1275844873878155,19S ATPase,0.38275346216344647,False
PSMC2,haematological,113,-0.22524596643585143,0.016454033327657026,19S ATPase,0.0942367363311266,False
PSMC3,all,946,0.011864668659929576,0.715519542771011,19S ATPase,0.8485878954872033,False
PSMC3,solid,833,0.046887958647922855,0.17638185685585392,19S ATPase,0.44448227927675193,False
PSMC3,haematological,113,-0.051251177546820494,0.5898147767846857,19S ATPase,0.7741318945299,False
PSMC4,all,946,0.033887456633831116,0.2977821234208293,19S ATPase,0.5715223551620934,False
PSMC4,solid,833,0.028425997830815966,0.4125825691813982,19S ATPase,0.6339683380104411,False
PSMC4,haematological,113,0.006826266776849242,0.9427943194179464,19S ATPase,0.9539219370562634,False
PSMC5,all,946,-0.004112248893488405,0.8994832081369424,19S ATPase,0.9289744608627438,False
PSMC5,solid,833,0.017445040800649306,0.6151214773890346,19S ATPase,0.7832637323209503,False
PSMC5,haematological,113,-0.1519657008655724,0.10809755940764632,19S ATPase,0.3405073121340859,False
PSMC6,all,946,-0.03175137204810836,0.32929479519913835,19S ATPase,0.5715223551620934,False
PSMC6,solid,833,-0.01712427462626727,0.6216378827944049,19S ATPase,0.7832637323209503,False
PSMC6,haematological,113,-0.08834139385570831,0.3521322538703807,19S ATPase,0.5715223551620934,False
PSMD9,all,946,-0.005222610505790556,0.87254934254296,control neg,0.9161768096701081,False
PSMD9,solid,833,0.026090502910847517,0.45204230803288314,control neg,0.6622945443272474,False
PSMD9,haematological,113,-0.12248939750009333,0.1961924675568948,control neg,0.4597265691796409,False
