measure,stratum,n,rho,lo,hi,score,beta,p,boot_lo,boot_hi
PRISM Bortezomib,solid,444,-0.07497815915726605,-0.16836195555003836,0.01678569682031074,arms,,,,
PRISM Carfilzomib,solid,424,-0.060096342130513264,-0.15598253657441238,0.0361332665136886,arms,,,,
PRISM Ixazomib,solid,438,0.02848764447926223,-0.05873630607513536,0.11592272774546261,arms,,,,
PRISM Metformin,solid,438,0.01985171240112337,-0.07532319331016497,0.11650312420460487,arms,,,,
PRISM Trametinib,solid,441,0.03674635555234248,-0.06163470609501429,0.13202753823553703,arms,,,,
PRISM Everolimus,solid,441,-0.02542458314631456,-0.12124890214883607,0.06923167896512117,arms,,,,
PRISM Paclitaxel,solid,440,0.09580680624494768,0.0037867979232323657,0.19141634894865006,arms,,,,
CRISPR PSMB5,all,946,-0.19788952889751127,-0.26048349914699337,-0.13339324219724663,arms,,,,
CRISPR core20S_mean,all,946,-0.19030058350827117,-0.2503413471680362,-0.1295991816735108,arms,,,,
CRISPR PSMB5,solid,833,-0.07734200804670448,-0.14888402562395014,-0.00895715759531386,arms,,,,
CRISPR core20S_mean,solid,833,-0.09573649219789215,-0.16112983816324378,-0.027449359041610378,arms,,,,
CRISPR PSMB5,haematological,113,-0.26076505785165494,-0.422020505690109,-0.08367577405260107,arms,,,,
CRISPR core20S_mean,haematological,113,-0.2768972182260038,-0.44099755263751866,-0.09682813964415508,arms,,,,
PRISM Bortezomib,,444,-0.07690916560363571,-0.17014261780938678,0.01748591509285589,frac,,,,
PRISM Carfilzomib,,424,-0.05369482696544626,-0.14848821743409135,0.04606307986809457,frac,,,,
PRISM Ixazomib,,438,0.03204022205748532,-0.06190116142821189,0.1213536723327282,frac,,,,
interaction score:haem (PSMB5),,946,,-1.2792753762886233,-0.08982431579428463,frac,-0.684549846041454,0.024118257391660083,-1.285224607057219,-0.08244979461956854
PRISM Bortezomib,,444,-0.027560915822224898,-0.12304498489262482,0.06128025881894676,resid,,,,
PRISM Carfilzomib,,424,-0.028274263731212435,-0.12499582931698804,0.06632328242056772,resid,,,,
PRISM Ixazomib,,438,0.018124638030566544,-0.07336402144430845,0.10598825266891174,resid,,,,
interaction score:haem (PSMB5),,946,,-0.04430022391472849,-0.0024590641289201146,resid,-0.0233796440218243,0.02853960740018048,-0.04440438222908747,-0.0029753912264882405
