drug,stratum,n,rho,p,direccion,prediccion,potencia,q_BH,signif_FDR05
BORTEZOMIB,all,444,-0.07497815915726605,0.11464476464939748,sensible,sensible,OK,0.4012566762728912,False
BORTEZOMIB,solid,444,-0.07497815915726605,0.11464476464939748,sensible,sensible,OK,0.4012566762728912,False
CARFILZOMIB,all,424,-0.060096342130513264,0.21685927694201768,sensible,sensible,OK,0.5060049795313746,False
CARFILZOMIB,solid,424,-0.060096342130513264,0.21685927694201768,sensible,sensible,OK,0.5060049795313746,False
IXAZOMIB,all,438,0.02848764447926223,0.5520980480753308,resistente,sensible,OK,0.6786403955231325,False
IXAZOMIB,solid,438,0.02848764447926223,0.5520980480753308,resistente,sensible,OK,0.6786403955231325,False
METFORMIN,all,438,0.01985171240112337,0.6786403955231325,resistente,nulo,OK,0.6786403955231325,False
METFORMIN,solid,438,0.01985171240112337,0.6786403955231325,resistente,nulo,OK,0.6786403955231325,False
TRAMETINIB,all,441,0.03674635555234248,0.44145216653709946,resistente,nulo,OK,0.6786403955231325,False
TRAMETINIB,solid,441,0.03674635555234248,0.44145216653709946,resistente,nulo,OK,0.6786403955231325,False
EVEROLIMUS,all,441,-0.02542458314631456,0.5943887543792051,sensible,no sensible,OK,0.6786403955231325,False
EVEROLIMUS,solid,441,-0.02542458314631456,0.5943887543792051,sensible,no sensible,OK,0.6786403955231325,False
PACLITAXEL,all,440,0.09580680624494768,0.04458315987699808,resistente,nulo (control),OK,0.3120821191389866,False
PACLITAXEL,solid,440,0.09580680624494768,0.04458315987699808,resistente,nulo (control),OK,0.3120821191389866,False
