dropped,n_dropped_crispr,rho_bortezomib,rho_psmb5,inter_beta,inter_lo,inter_hi,inter_p
Adrenal Gland,1,-0.07497815915726605,-0.07864717332096136,-0.01670918235145924,-0.03140092710219039,-0.002017437600728091,0.025851553590656443
Ampulla of Vater,4,-0.07498212069614153,-0.07833920565642491,-0.016706159869518195,-0.0314182152874941,-0.001994104451542295,0.026083750615181023
Biliary Tract,26,-0.07218254266275662,-0.07779385357728512,-0.01660848183496177,-0.031347028909653615,-0.0018699347602699288,0.02724375690213189
Bladder/Urinary Tract,29,-0.07070547029636423,-0.08504765441600569,-0.01643650453045511,-0.03120821591332478,-0.0016647931475854433,0.029234582648437722
Bone,36,-0.08151514031187818,-0.07985755050264184,-0.016328850148821534,-0.031167092694052944,-0.0014906076035901238,0.03105446307308291
Bowel,54,-0.07736333299522175,-0.07856335459229549,-0.016461183862327613,-0.03088857757813898,-0.002033790146516246,0.025382887558387992
Breast,37,-0.09592103498080863,-0.06833397841087639,-0.017654302337846924,-0.03225476931037118,-0.003053835365322664,0.017848347811183322
CNS/Brain,75,-0.06586833339468347,-0.07048775827120919,-0.017258664877343517,-0.03206158952704403,-0.0024557402276430083,0.022359511715882165
Cervix,17,-0.07497815915726605,-0.07700206718697607,-0.01683700664358797,-0.031571226754613504,-0.0021027865325624357,0.025157963484179847
Esophagus/Stomach,57,-0.06003560098247094,-0.0696802021470139,-0.017071028580854887,-0.03176828335170588,-0.0023737738100038947,0.022866450862518373
Eye,13,-0.07497815915726605,-0.08009331158613045,-0.016204645672331115,-0.030989862930382663,-0.0014194284142795659,0.03173917560991164
Head and Neck,69,-0.08832840009578459,-0.07566291822210823,-0.01669413953141754,-0.031604559932310664,-0.0017837191305244103,0.028248300350361907
Kidney,27,-0.08601269477435669,-0.07220144942882074,-0.018146838574610843,-0.03242336922053706,-0.003870307928684624,0.012785306416536078
Liver,22,-0.08043479200432142,-0.07024372591410216,-0.01711987615821112,-0.031880518049101414,-0.002359234267320827,0.023061649858700926
Lung,102,-0.06959250763548089,-0.07451510430137495,-0.017367089305250865,-0.03221145621433033,-0.002522722396171396,0.021900822735323306
Ovary/Fallopian Tube,39,-0.08283736449266668,-0.0670394125118297,-0.017176996067769446,-0.031902339724604656,-0.002451652410934233,0.02228903769471917
Pancreas,36,-0.09987614664150017,-0.09042942954358171,-0.0159102577914729,-0.030429054440197147,-0.0013914611427486585,0.03176566419380206
Peripheral Nervous System,28,-0.05657731976702859,-0.08325177752629691,-0.01601770855974055,-0.030914574974158063,-0.0011208421453230387,0.0351101040584253
Pleura,19,-0.06897602676158089,-0.07133137781059148,-0.017181817044923213,-0.03192653945965149,-0.0024370946301949404,0.0224263359917925
Prostate,8,-0.06865627522962309,-0.08057097569668556,-0.016503599277861252,-0.03125689577055042,-0.0017503027851720858,0.02838499879080895
Skin,63,-0.07067744352943783,-0.09076352643069653,-0.01594942117211544,-0.03096020112051144,-0.0009386412237194341,0.03732152409354135
Soft Tissue,33,-0.05259068113334737,-0.08282408745831521,-0.016288029629219453,-0.031172008019920913,-0.0014040512385179952,0.03200038356588661
Testis,5,-0.07497815915726605,-0.07589712842694683,-0.016794213609724516,-0.03151067791614948,-0.002077749303299554,0.025352455656102762
Thyroid,9,-0.06671317906687517,-0.07415541817855528,-0.01688058671535324,-0.031637577924637256,-0.0021235955060692254,0.02500666422210736
Uterus,23,-0.08288445807288562,-0.0796190989111919,-0.016532606752445358,-0.031233878070090707,-0.0018313354348000084,0.02755902544411717
Vulva/Vagina,1,-0.07497815915726605,-0.07705829659952866,-0.0167570506762716,-0.031455666340871075,-0.0020584350116721276,0.025498888008909603
