measure,lineage,n,rho,lo,hi,floor
CRISPR PSMB5,Lung,102,-0.03545394165169099,-0.2335655697525306,0.16788307118757628,OK
CRISPR PSMB5,CNS/Brain,75,-0.18478438420613427,-0.41861955342650503,0.05085614504104435,OK
CRISPR PSMB5,Head and Neck,69,-0.1146492687381093,-0.35796590095576675,0.1412910982042254,OK
CRISPR PSMB5,Skin,63,0.1413435781185082,-0.11895423302920861,0.40828909845066286,OK
CRISPR PSMB5,Esophagus/Stomach,57,-0.18384899088951798,-0.42497620396959335,0.0953080224097393,OK
CRISPR PSMB5,Bowel,54,-0.004204829649751085,-0.2515177333583596,0.23924762991157353,OK
CRISPR PSMB5,Ovary/Fallopian Tube,39,-0.2701747268774616,-0.5056818807957034,0.04532922328019528,OK
CRISPR PSMB5,Breast,37,-0.11703887825420409,-0.45174696778675427,0.217664749771017,OK
CRISPR PSMB5,Bone,36,-0.17873528516242204,-0.4748770109749667,0.15720209248710137,OK
CRISPR PSMB5,Pancreas,36,0.07718997694821692,-0.22829391740324767,0.36399071063800825,OK
CRISPR PSMB5,Soft Tissue,33,0.10162414688482511,-0.27495768340480337,0.4548412287652219,OK
CRISPR PSMB5,Bladder/Urinary Tract,29,0.24799199833851746,-0.12170347342171647,0.5910653447376183,OK
CRISPR PSMB5,Peripheral Nervous System,28,-0.04122615393342562,-0.40362946960124174,0.3848552734470422,OK
CRISPR PSMB5,Kidney,27,0.011922973269094424,-0.46318321474829066,0.4281923274752527,OK
CRISPR PSMB5,Biliary Tract,26,-0.12158811798791996,-0.5026536625211625,0.31722783306462876,OK
CRISPR PSMB5,Uterus,23,-0.26435695394022757,-0.6515392209402677,0.19459358930652554,OK
CRISPR PSMB5,Liver,22,-0.09629047007666883,-0.47411725567820967,0.3180682202011412,OK
CRISPR PSMB5,Pleura,19,-0.28772683736493676,-0.6598576851734864,0.2310385307235569,descriptive (n<20)
CRISPR PSMB5,Cervix,17,-0.050524498328636584,-0.6503501964326786,0.539517013070857,descriptive (n<20)
CRISPR PSMB5,Eye,13,-0.049518616309265656,-0.5307679597135887,0.44229268871656885,descriptive (n<20)
CRISPR PSMB5,Thyroid,9,-0.7113032974423645,-1.0,0.018074847321165415,descriptive (n<20)
CRISPR PSMB5,Prostate,8,-0.2142857142857143,-0.9240506329113927,0.7216316975897342,descriptive (n<20)
CRISPR PSMB5,Testis,5,-0.6,-1.0,0.8749999999999999,descriptive (n<20)
PRISM bortezomib,Lung,82,-0.04254702119640415,-0.26928544554655337,0.18310701321583855,OK
PRISM bortezomib,Esophagus/Stomach,37,-0.17640810107927887,-0.4609043084000673,0.13695683033011571,OK
PRISM bortezomib,CNS/Brain,36,-0.18886581313055442,-0.5492285921671691,0.16891868254829212,OK
PRISM bortezomib,Skin,35,-0.17376111560516433,-0.5015684093906809,0.17991309823949253,OK
PRISM bortezomib,Pancreas,29,0.28985175814408376,-0.029243319784293308,0.5534172402171532,OK
PRISM bortezomib,Head and Neck,26,0.13012995386315013,-0.2678902534207924,0.5210486408621017,OK
PRISM bortezomib,Bowel,25,0.020459508355108267,-0.3486843146980893,0.3939908741780605,OK
PRISM bortezomib,Ovary/Fallopian Tube,23,0.0827555689585439,-0.39147496698365275,0.5125649390105204,OK
PRISM bortezomib,Bladder/Urinary Tract,22,-0.1804269002911509,-0.5654707668079907,0.23754311112204457,OK
PRISM bortezomib,Liver,20,0.0,-0.44830007653472753,0.46229367827112855,OK
PRISM bortezomib,Breast,18,0.3286712807677507,-0.1421753910657161,0.7070612904647524,descriptive (n<20)
PRISM bortezomib,Kidney,17,0.088397939959123,-0.44367311845263435,0.5990661094114761,descriptive (n<20)
PRISM bortezomib,Bone,16,0.06789714122474064,-0.5713635992932949,0.5631039136733944,descriptive (n<20)
PRISM bortezomib,Uterus,15,-0.03932083786383928,-0.5957495361781074,0.5689188076416334,descriptive (n<20)
PRISM bortezomib,Soft Tissue,11,-0.18392019594868117,-0.7179426912579355,0.4659861137509357,descriptive (n<20)
PRISM bortezomib,Pleura,8,-0.38054717750868317,-0.9729907539118064,0.5385147475679896,descriptive (n<20)
PRISM bortezomib,Thyroid,8,-0.5868368683374969,-0.9999999999999998,0.3078767123287661,descriptive (n<20)
PRISM bortezomib,Biliary Tract,6,-0.7142857142857143,-1.0,0.22580645161290325,descriptive (n<20)
PRISM bortezomib,Peripheral Nervous System,6,-0.7714285714285715,-1.0,0.0,descriptive (n<20)
