candidate	filter1_approved	filter2_mechanism	filter3_exposure	filter4_safety_this_child	filter5_direction_of_effect	verdict	model_context_for_filter3	source_locator	reason
metformin	pass	pass	not_evaluable	not_reached	not_reached	rejected_at_filter_3_unevaluable	none: no aneuploidy-selective effective concentration exists; complex I route needs mM vs uM plasma	PMID 37343530; PMID 30619086; PMID 22890317; PMID 42399684; Part II §3.1	Marketed stand-in for the AICAR/AMPK screen hit; the complex I mechanism cannot operate at plasma concentrations and an AMPK-mediated aneuploidy-selective effect is untested
bortezomib_IV	pass	pass	not_excluded	fail	untested	fails_filter_4_for_this_child;conditional_for_active_tumour	EC50 <40 nM read from Fig. 6o of PMID 39247952 (5 near-euploid vs 5 highly aneuploid cancer lines, 72 h); Cmax 89-120 ng/mL = 231-312 nM at 1.3 mg/m2 IV (FDA label NDA 021602); ratio 5.8-7.8 on total plasma drug	PMID 39247952; FDA NDA 021602 s040 §12.3; FDA BPCA review 2015; Part II §3.2, §4	Proteasome dependency of aneuploid cancer cells; paediatric neuropathy 18% (motor 8%) on pre-existing muscle atrophy; own DepMap test attenuated in solid lineages; RMS essentially absent from the drug screen
bortezomib_SC	pass	pass	fail	fail	untested	fails_filter_3_and_4	Cmax 20.4 ng/mL = 53.1 nM SC; nominal ratio 1.33 on total drug does not survive any free-fraction correction	FDA NDA 021602 s040 §12.3; Part II §3.2	Subcutaneous route withdrawn at filter 3
carfilzomib	pass	pass	not_evaluable	not_reached	not_reached	not_evaluable	no IC50 in an aneuploidy-stratified model; Cmax 2.89 uM at 56 mg/m2 known, no valid denominator	FDA label; Part II §3.3	Same mechanism class; no aneuploidy-stratified effective concentration published
ixazomib	pass	pass	not_evaluable	not_reached	not_reached	not_evaluable	beta5 enzymatic IC50 3.4 nM is not a cellular aneuploidy-selective value; Cmax 171 nM at 4 mg oral	FDA label; Part II §3.3	No valid denominator; own DepMap correlation ran the wrong direction (rho +0.028)
hydroxychloroquine	pass	fail	not_evaluable	not_reached	not_reached	not_evaluable_mechanistically_weakened	Tang's hit was chloroquine, which did not differentially inhibit the human CIN lines in the same paper	PMID 21315436; Part II §3.3	Mechanism not supported in human CIN lines
everolimus_sirolimus	pass	fail	not_evaluable	not_reached	not_reached	not_evaluable_possibly_counterproductive	predicted to antagonise proteasome inhibition by relieving translational burden; whole-blood, not plasma, Cmax reported	PMID 31530568; PMID 41248159; Part II §3.4	Predicted antagonism with bortezomib; muscle-directed mTOR rationale in monoallelic mice points the other way and is not support for the combination
trametinib	pass	untested	not_evaluable	not_reached	not_reached	not_evaluable_gap_most_worth_closing	only relative IC50s recoverable from PMID 39251587; 0.45 nM sensitising dose is sub-lethal, not an IC50; Cmax 22.2 ng/mL = 36.1 nM at 2 mg/day (SmPC §5.2)	PMID 39251587; Mekinist SmPC §5.2; depmap/RESULTADOS.md (null, as pre-blocked); Part II §3.3	Aneuploid RPE1 clones are MEK-inhibitor-sensitive; approved from age 1 with dabrafenib for BRAF V600E low-grade glioma; first candidate to re-run filter 3 once an absolute aneuploid IC50 is published
AICAR	fail	pass	not_reached	not_reached	not_reached	fails_filter_1	screen hit in isogenic trisomic MEFs and human trisomy-7 colonic cells	PMID 21315436; PMID 22890317	Not marketed; in-vitro positive control only
17-AAG_HSP90i	fail	pass	not_reached	not_reached	not_reached	fails_filter_1	200 nM active dose in the Tang screen, not an IC50; no FDA/EMA-approved HSP90 inhibitor	PMID 21315436; Part II §8	Not marketed; class limited by organ toxicity
reversine_MPS1_TTK_inhibitors	fail	fail	not_reached	not_reached	fail	fails_filter_1_and_5	research tools that induce aneuploidy	Part II §8	Weaken a checkpoint that is already insufficient
apcin_proTAME	fail	untested	not_reached	not_reached	not_reached	fails_filter_1	APC/C tool compounds	Part II §8	Not marketed
DCZ0415	fail	fail	not_reached	not_reached	not_reached	fails_filter_1_and_2	experimental TRIP13 inhibitor	Part II §8	Wrong gene for MVA1; not approved
senolytics	fail	untested	not_reached	not_reached	untested	not_proposed	BubR1 senescence evidence rests on genetic INK-ATTAC clearance, not a drug	PMID 22048312; Part II §8	No agent approved with a senolytic indication; senescence is an anti-tumour barrier in a predisposition syndrome
UBE2H_inhibitor	fail	pass	not_reached	not_reached	not_reached	target_to_watch	top aneuploid-selective dependency in paired CRISPR screens (preprint)	PMID 42094535; Part II §9	No approved inhibitor exists
