# Gene coordinates for the MVA panel. All from Ensembl REST, not memory.
# Retrieved: 2026-08-29 (UTC)
# API: GET https://rest.ensembl.org/lookup/symbol/homo_sapiens/<SYMBOL>  Accept: application/json
# Server reported: assembly_name=GRCh38, Ensembl release 116 (GET https://rest.ensembl.org/info/software)
# Ensembl coords are 1-based inclusive; BED is 0-based half-open with pad_bp=5000 each side.
# bed_start = max(0, ensembl_start - 1 - 5000); bed_end = ensembl_end + 5000
# Canonical gene on primary chromosomes only (skipped CENATAC PATCH copy ENSG00000280975 on HG2217_PATCH).
symbol	ensembl_id	chrom	ensembl_start	ensembl_end	strand	bed_chrom	bed_start	bed_end	hgnc	aliases_from_hgnc	source_url	notes
BUB1	ENSG00000169679	2	110635468	110678098	-	chr2	110630467	110683098	HGNC:1148		https://rest.ensembl.org/lookup/symbol/homo_sapiens/BUB1	MVA phenocopy / mitotic checkpoint
BUB1B	ENSG00000156970	15	40160984	40221137	+	chr15	40155983	40226137	HGNC:1149		https://rest.ensembl.org/lookup/symbol/homo_sapiens/BUB1B	MVA1
CENATAC	ENSG00000186166	11	118998051	119015811	+	chr11	118993050	119020811	HGNC:30460	CCDC84,DLNB14	https://rest.ensembl.org/lookup/symbol/homo_sapiens/CENATAC	MVA4 (MIM 620153). Current HGNC symbol is CENATAC; former CCDC84. lookup/symbol CCDC84 redirects here. C1orf112 is NOT an alias — that symbol now maps to FIRRM (ENSG00000000460), a different gene, so FIRRM was not added to the panel.
CENPE	ENSG00000138778	4	103105349	103198463	-	chr4	103100348	103203463	HGNC:1856		https://rest.ensembl.org/lookup/symbol/homo_sapiens/CENPE	MVA phenocopy
CEP57	ENSG00000166037	11	95789965	95837070	+	chr11	95784964	95842070	HGNC:30794		https://rest.ensembl.org/lookup/symbol/homo_sapiens/CEP57	MVA2
CEP192	ENSG00000101639	18	12991283	13125053	+	chr18	12986282	13130053	HGNC:25515		https://rest.ensembl.org/lookup/symbol/homo_sapiens/CEP192	MVA phenocopy / centrosome
MAD1L1	ENSG00000002822	7	1815787	2233243	-	chr7	1810786	2238243	HGNC:6762		https://rest.ensembl.org/lookup/symbol/homo_sapiens/MAD1L1	MVA phenocopy / spindle assembly checkpoint
MAD2L1BP	ENSG00000124688	6	43629494	43640960	+	chr6	43624493	43645960	HGNC:21059		https://rest.ensembl.org/lookup/symbol/homo_sapiens/MAD2L1BP	MVA phenocopy
SMC5	ENSG00000198887	9	70258270	70354874	+	chr9	70253269	70359874	HGNC:20465		https://rest.ensembl.org/lookup/symbol/homo_sapiens/SMC5	MVA phenocopy
TRIM37	ENSG00000108395	17	58982633	59106921	-	chr17	58977632	59111921	HGNC:7523		https://rest.ensembl.org/lookup/symbol/homo_sapiens/TRIM37	Mulibrey nanism phenocopy
TRIP13	ENSG00000071539	5	892849	919357	+	chr5	887848	924357	HGNC:12307		https://rest.ensembl.org/lookup/symbol/homo_sapiens/TRIP13	MVA3
