BUB1B_moi	BUB1B_rank	BUB1B_score	FANCD2_moi	FANCD2_rank	FANCD2_score	acmg	acmg_ev	alelos	alelos_ingeridos	case	caso	fondo	gen	hpo	insercion_ok	n_filas	n_genes	segundo_gene	segundo_score	technical_failure	top_gene	top_moi	top_score
										A_HG001_real						2573	1872	TNNT2	0.0445		PAH	AD	0.0578
										A_HG001_ajeno						2577	1872	TNNT2	0.1026		PLG	AD	0.3208
										A_HG002_real						3395	2387	F11	0.1364		KRT17	AD	0.4881
										A_HG002_ajeno						3394	2382	F11	0.149		KRT17	AD	0.3947
										A_HG005_real						3126	2274	TNF	0.3869		RYR2	AD	0.4194
										A_HG005_ajeno						3128	2276	RYR2	0.4526		TNF	AD	0.8108
										A_HG004_real						3525	2495	KRT17	0.4881		GJB2	AD	0.5619
										A_HG003_real						3437	2431	ABCA4	0.3716		APOB	AD	0.4188
										A_HG006_real						3136	2276	PLCD4	0.0581		STIM2	AD	0.0599
										A_HG007_real						3315	2392	KDM6B	0.0386		CLDN24	AD	0.2048
AD	1	0.5871				PATHOGENIC	PVS1,PP5_Strong	chr15:40209701T>G(533901);chr15:40220612T>A(4600147)	2/2	B_arm1_BUB1B_HG001_real	B_arm1_BUB1B_HG001	HG001	BUB1B	real	True	2575	1873	PAH	0.0578	False	BUB1B	AD	0.5871
AD	1	0.4187				PATHOGENIC	PVS1,PP5_Strong	chr15:40209701T>G(533901);chr15:40220612T>A(4600147)	2/2	B_arm1_BUB1B_HG001_ajeno	B_arm1_BUB1B_HG001	HG001	BUB1B	ajeno	True	2579	1873	PLG	0.3208	False	BUB1B	AD	0.4187
AR	1	0.9332				PATHOGENIC	PVS1,PM2_Supporting,PM3,PP4_Moderate,PP5	chr15:40165052G>A(2083538);chr15:40218501A>T(2820924)	2/2	C_hi_BUB1B_HG001_real	C_hi_BUB1B_HG001	HG001	BUB1B	real	True	2575	1873	PAH	0.0578	False	BUB1B	AR	0.9332
AD	1	0.112				UNCERTAIN_SIGNIFICANCE	PVS1_Moderate,PM2_Supporting	chr15:40161221A>AT(1042564);chr15:40220755A>G(1941928)	2/2	C_lo_BUB1B_HG001_real	C_lo_BUB1B_HG001	HG001	BUB1B	real	True	2575	1873	PAH	0.0578	False	BUB1B	AD	0.112
AD	1	0.5871				PATHOGENIC	PVS1,PP5_Strong	chr15:40209701T>G(533901);chr15:40220612T>A(4600147)	2/2	B_arm1_BUB1B_HG002_real	B_arm1_BUB1B_HG002	HG002	BUB1B	real	True	3397	2388	KRT17	0.4881	False	BUB1B	AD	0.5871
AD	1	0.4187				PATHOGENIC	PVS1,PP5_Strong	chr15:40209701T>G(533901);chr15:40220612T>A(4600147)	2/2	B_arm1_BUB1B_HG002_ajeno	B_arm1_BUB1B_HG002	HG002	BUB1B	ajeno	True	3396	2383	KRT17	0.3947	False	BUB1B	AD	0.4187
AR	1	0.9332				PATHOGENIC	PVS1,PM2_Supporting,PM3,PP4_Moderate,PP5	chr15:40165052G>A(2083538);chr15:40218501A>T(2820924)	2/2	C_hi_BUB1B_HG002_real	C_hi_BUB1B_HG002	HG002	BUB1B	real	True	3397	2388	KRT17	0.4881	False	BUB1B	AR	0.9332
AD	5	0.112				UNCERTAIN_SIGNIFICANCE	PVS1_Moderate,PM2_Supporting	chr15:40161221A>AT(1042564);chr15:40220755A>G(1941928)	2/2	C_lo_BUB1B_HG002_real	C_lo_BUB1B_HG002	HG002	BUB1B	real	True	3397	2388	F11	0.1364	False	KRT17	AD	0.4881
AD	1	0.5871				PATHOGENIC	PVS1,PP5_Strong	chr15:40209701T>G(533901);chr15:40220612T>A(4600147)	2/2	B_arm1_BUB1B_HG005_real	B_arm1_BUB1B_HG005	HG005	BUB1B	real	True	3128	2275	RYR2	0.4194	False	BUB1B	AD	0.5871
AD	3	0.4187				PATHOGENIC	PVS1,PP5_Strong	chr15:40209701T>G(533901);chr15:40220612T>A(4600147)	2/2	B_arm1_BUB1B_HG005_ajeno	B_arm1_BUB1B_HG005	HG005	BUB1B	ajeno	True	3130	2277	RYR2	0.4526	False	TNF	AD	0.8108
AR	1	0.9332				PATHOGENIC	PVS1,PM2_Supporting,PM3,PP4_Moderate,PP5	chr15:40165052G>A(2083538);chr15:40218501A>T(2820924)	2/2	C_hi_BUB1B_HG005_real	C_hi_BUB1B_HG005	HG005	BUB1B	real	True	3128	2275	RYR2	0.4194	False	BUB1B	AR	0.9332
AD	3	0.112				UNCERTAIN_SIGNIFICANCE	PVS1_Moderate,PM2_Supporting	chr15:40161221A>AT(1042564);chr15:40220755A>G(1941928)	2/2	C_lo_BUB1B_HG005_real	C_lo_BUB1B_HG005	HG005	BUB1B	real	True	3128	2275	TNF	0.3869	False	RYR2	AD	0.4194
			AR	1	0.1841	PATHOGENIC	PVS1,PM2_Supporting,PP4,PP5	chr3:10028680C>A(3588138);chr3:10101244T>G(1224522)	2/2	B_arm2_FANCD2_HG001_real	B_arm2_FANCD2_HG001	HG001	FANCD2	real	True	2573	1872	PAH	0.0578	False	FANCD2	AR	0.1841
			AR	4	0.058	PATHOGENIC	PVS1,PM2_Supporting,PP4,PP5	chr3:10028680C>A(3588138);chr3:10101244T>G(1224522)	2/2	B_arm2_FANCD2_HG001_ajeno	B_arm2_FANCD2_HG001	HG001	FANCD2	ajeno	True	2577	1872	TNNT2	0.1026	False	PLG	AD	0.3208
			AR	2	0.1841	PATHOGENIC	PVS1,PM2_Supporting,PP4,PP5	chr3:10028680C>A(3588138);chr3:10101244T>G(1224522)	2/2	B_arm2_FANCD2_HG002_real	B_arm2_FANCD2_HG002	HG002	FANCD2	real	True	3397	2388	FANCD2	0.1841	False	KRT17	AD	0.4881
			AR	5	0.058	PATHOGENIC	PVS1,PM2_Supporting,PP4,PP5	chr3:10028680C>A(3588138);chr3:10101244T>G(1224522)	2/2	B_arm2_FANCD2_HG002_ajeno	B_arm2_FANCD2_HG002	HG002	FANCD2	ajeno	True	3396	2383	F11	0.149	False	KRT17	AD	0.3947
			AR	3	0.1841	PATHOGENIC	PVS1,PM2_Supporting,PP4,PP5	chr3:10028680C>A(3588138);chr3:10101244T>G(1224522)	2/2	B_arm2_FANCD2_HG005_real	B_arm2_FANCD2_HG005	HG005	FANCD2	real	True	3128	2275	TNF	0.3869	False	RYR2	AD	0.4194
			AR	4	0.058	PATHOGENIC	PVS1,PM2_Supporting,PP4,PP5	chr3:10028680C>A(3588138);chr3:10101244T>G(1224522)	2/2	B_arm2_FANCD2_HG005_ajeno	B_arm2_FANCD2_HG005	HG005	FANCD2	ajeno	True	3130	2277	RYR2	0.4526	False	TNF	AD	0.8108
